CONTRACT_PK,USER_CODE,GIS_CD,CT_PY_AMT,CT_PY_PD,CT_CHNL_CD,INSU_DAY,INSU_YEAR,MGG_GRP
1,537789,11,18,5,1,1827,6,A95
2,1386093,37,13,5,1,3653,11,A95
3,1386093,37,13,5,1,1827,6,A95
4,210105,31,23,35,1,12784,36,A95
5,1195073,22,44,20,3,9497,27,A95
6,1195073,22,43,10,3,3652,10,A95
7,1769251,34,52,10,6,3653,11,A95
8,1769251,34,25,10,6,3653,11,A95
9,1669008,36,45,5,6,1826,5,A95
10,1669008,36,59,5,6,1827,6,A95
11,559590,31,35,10,6,3653,11,A95
12,1102289,26,34,10,1,3653,11,A95
13,896163,38,21,10,6,3652,10,A95
14,896163,38,19,10,6,3652,10,A95
15,1431575,26,32,5,6,1826,5,A95
16,1038574,11,30,16,1,5815,16,A95
17,1675273,31,23,10,6,3652,10,A95
18,151477,34,42,5,6,1827,6,A95
19,151477,34,31,5,6,1826,5,A95
20,1082263,22,36,20,2,10592,29,A95
21,1587068,38,33,5,6,1827,6,A95
22,1587068,38,44,5,6,1826,5,A95
23,38551,31,15,10,6,3652,10,A95
24,38551,31,40,10,6,3652,10,A95
25,1938807,23,31,10,6,3653,11,A95
26,1938807,23,24,10,6,3653,11,A95
27,59181,37,30,10,6,3653,11,A95
28,1226855,25,21,5,5,1827,6,A95
29,1109320,31,32,10,3,3652,10,A95
30,1504291,36,37,10,6,3653,11,A95
31,135790,25,43,5,6,1826,5,A95
32,135790,25,43,5,6,1826,5,A95
33,1548304,31,33,10,6,3652,10,A95
34,1142230,31,25,10,6,3653,11,A95
35,1673066,11,28,10,4,3652,10,A95
36,24968,26,22,10,6,3652,10,A95
37,1867744,33,13,10,6,3653,11,A95
38,1867744,33,18,10,6,3653,11,A95
39,1867744,33,24,10,6,3653,11,A95
40,1458719,31,22,5,6,1826,5,A95
41,1458719,31,26,5,6,1827,6,A95
42,513446,11,59,10,3,3652,10,A95
43,1370285,35,14,5,6,1826,5,A95
44,1370285,35,57,5,6,1826,5,A95
45,402436,37,52,5,6,1826,5,A95
46,1526666,31,4,10,6,3652,10,A95
47,1526666,31,5,10,6,3652,10,A95
48,1526666,31,19,10,6,3652,10,A95
49,1526666,31,21,10,6,3652,10,A95
50,1852155,31,20,5,6,1826,5,A95
51,1852155,31,20,5,6,1826,5,A95
52,251515,26,20,10,6,3652,10,A95
53,1856797,23,26,10,6,3652,10,A95
54,1677296,31,17,15,6,5479,16,A95
55,1795517,31,27,10,6,3652,10,A95
56,1277633,38,31,10,6,3653,11,A95
57,919142,31,49,5,6,1826,5,A95
58,919142,31,37,5,6,1827,6,A95
59,1811607,31,7,10,6,3652,10,A95
60,1811607,31,11,10,6,3652,10,A95
61,370509,33,44,5,6,1826,5,A95
62,1767961,38,58,20,6,7305,21,A95
63,429683,11,89,10,6,3653,11,A95
64,1789749,24,21,10,3,3652,10,A95
65,760046,37,27,10,6,3653,11,A95
66,760046,37,14,10,6,3653,11,A95
67,760046,23,23,10,6,3653,11,A95
68,1259916,11,61,15,1,5479,16,A95
69,74811,31,22,10,6,3652,10,A95
70,1544264,21,44,15,6,5479,16,A95
71,743104,11,51,5,6,1827,6,A95
72,436868,35,28,5,6,1826,5,A95
73,436868,35,39,5,6,1827,6,A95
74,1632672,31,31,10,6,3652,10,A95
75,390233,21,28,20,1,20089,56,A95
76,144569,11,20,10,6,3653,11,A95
77,144569,11,14,10,6,3653,11,A95
78,1102761,37,42,5,6,1826,5,A95
79,1102761,37,57,5,6,1826,5,A95
80,191383,38,21,10,6,3652,10,A95
81,1874683,23,41,10,6,3653,11,A95
82,53306,11,56,10,1,3652,10,A95
83,1687317,31,28,5,3,1826,5,A95
84,1459951,23,37,5,6,1826,5,A95
85,1035727,31,35,10,3,3653,11,A95
86,736877,34,32,5,5,3652,10,A95
87,581226,11,25,5,1,3652,10,A95
88,581226,11,16,5,1,1826,5,A95
89,750989,36,56,5,3,1827,6,A95
90,1217901,24,29,10,3,3653,11,A95
91,1011795,11,25,10,6,3652,10,A95
92,1496899,11,64,10,1,3653,11,A95
93,138782,31,12,5,1,3653,11,A95
94,138782,31,8,5,1,1826,5,A95
95,504037,38,20,15,1,5479,16,A95
96,1415273,31,69,5,1,3653,11,A95
97,1415273,31,35,5,1,1826,5,A95
98,1161638,26,35,5,6,1826,5,A95
99,296229,32,26,5,6,1826,5,A95
100,630003,11,35,10,6,3652,10,A95
101,630003,11,17,10,6,3652,10,A95
102,630003,11,51,10,6,3652,10,A95
103,841325,31,19,10,3,3653,11,A95
104,1237000,31,41,10,6,3652,10,A95
105,1237000,31,44,10,6,3652,10,A95
106,228356,31,29,5,6,1826,5,A95
107,228356,31,38,5,6,1826,5,A95
108,1860257,11,32,5,6,1826,5,A95
109,1768637,31,40,10,6,3653,11,A95
110,1912275,35,17,5,4,1826,5,A95
111,1912275,35,16,5,4,1827,6,A95
112,1932216,23,36,10,6,3652,10,A95
113,1915453,31,30,10,6,3653,11,A95
114,1915453,31,20,10,6,3652,10,A95
115,783858,11,48,5,3,1826,5,A95
116,547768,36,28,10,6,3652,10,A95
117,1828523,21,13,5,1,3652,10,A95
118,1296787,11,41,5,6,1826,5,A95
119,1184921,11,33,10,6,3653,11,A95
120,866728,11,21,10,6,3653,11,A95
121,107413,37,33,25,1,9131,25,A95
122,380491,23,66,10,3,3653,11,A95
123,1393520,31,40,15,6,5479,16,A95
124,1012043,32,32,5,6,1826,5,A95
125,1249432,38,30,10,6,3653,11,A95
126,918000,37,31,10,6,3653,11,A95
127,365768,39,37,5,6,1826,5,A95
128,365768,39,37,5,6,1826,5,A95
129,8322,24,30,5,6,1827,6,A95
130,1776866,11,36,5,1,1826,5,A95
131,1776866,11,39,10,1,3653,11,A95
132,1140817,22,48,10,3,3653,11,A95
133,1140817,22,74,10,6,3653,11,A95
134,841560,35,30,10,6,3652,10,A95
135,1601180,21,23,10,6,3653,11,A95
136,1800305,32,21,10,6,3652,10,A95
137,1800305,32,27,10,6,3652,10,A95
138,1800305,32,34,10,6,3653,11,A95
139,812390,38,22,10,6,3653,11,A95
140,812390,38,24,10,6,3652,10,A95
141,1339423,38,51,10,6,3653,11,A95
142,1892481,24,30,10,6,3652,10,A95
143,1892481,24,16,10,6,3653,11,A95
144,1200529,21,31,10,6,3653,11,A95
145,1200529,21,30,10,6,3652,10,A95
146,1033807,31,79,10,1,3652,10,A95
147,295040,22,47,10,6,3653,11,A95
148,295040,11,61,10,2,18628,52,A95
149,1830514,22,13,5,5,3653,11,A95
150,1542038,38,15,15,6,5478,15,A95
151,730768,11,22,10,6,3653,11,A95
152,730768,11,62,5,6,1826,5,A95
153,730768,11,21,10,6,3653,11,A95
154,1062917,32,29,10,1,3652,10,A95
155,1394262,11,36,15,1,5478,15,A95
156,1382221,22,32,10,6,3653,11,A95
157,1451349,36,64,10,1,3653,11,A95
158,1195168,36,10,5,1,3653,11,A95
159,1889463,38,29,10,6,18993,53,A95
160,1548320,37,22,10,6,3653,11,A95
161,1466624,38,38,10,6,3652,10,A95
162,1258914,23,34,5,3,1826,5,A95
163,35068,11,14,5,5,3653,11,A95
164,1391405,35,19,10,6,3653,11,A95
165,1099288,37,29,10,3,3653,11,A95
166,197895,22,49,5,6,1826,5,A95
167,197895,22,49,5,6,1826,5,A95
168,1536551,23,49,10,6,3653,11,A95
169,1536551,23,31,10,6,3653,11,A95
170,132677,37,28,10,6,3653,11,A95
171,674912,37,33,5,3,1826,5,A95
172,674912,37,30,5,3,1826,5,A95
173,510845,11,49,10,6,3653,11,A95
174,261057,24,14,5,5,3652,10,A95
175,1806092,31,24,10,6,3653,11,A95
176,1629782,31,57,5,6,1826,5,A95
177,1629782,31,57,5,6,1826,5,A95
178,1629782,31,73,20,3,8401,24,A95
179,1635632,34,15,5,4,1826,5,A95
180,1635632,34,15,5,4,1827,6,A95
181,374094,23,46,10,3,3653,11,A95
182,1639046,31,32,5,6,1827,6,A95
183,1639046,31,27,5,6,1826,5,A95
184,1811515,31,21,5,6,1826,5,A95
185,1811515,31,21,5,6,1826,5,A95
186,609625,26,31,5,3,1826,5,A95
187,1723678,11,51,5,6,1826,5,A95
188,1924729,32,20,21,1,7670,21,A95
189,811745,31,17,5,4,1826,5,A95
190,825172,38,40,10,6,3652,10,A95
191,1606681,11,84,15,1,5479,16,A95
192,1118610,34,45,5,6,1826,5,A95
193,1339684,11,26,20,1,7305,21,A95
194,1170058,23,62,10,3,3653,11,A95
195,655792,22,30,10,1,3653,11,A95
196,699014,36,31,10,6,3653,11,A95
197,936249,38,31,10,6,3653,11,A95
198,936249,38,50,10,6,3652,10,A95
199,448419,31,22,10,4,3653,11,A95
200,484483,38,34,10,6,3652,10,A95
201,1536105,35,27,10,6,3653,11,A95
202,785639,32,21,10,4,3653,11,A95
203,1811959,22,92,10,1,3652,10,A95
204,1734497,37,55,5,6,1826,5,A95
205,1734497,37,55,5,6,1826,5,A95
206,1195544,31,43,5,6,1826,5,A95
207,1195544,31,43,5,6,1826,5,A95
208,1229886,31,8,20,1,23011,64,A95
209,1229886,31,24,20,1,22281,62,A95
210,445616,11,28,10,6,3653,11,A95
211,1693355,11,41,48,1,17532,49,A95
212,272436,24,22,40,1,14610,41,A95
213,1558049,31,27,10,6,3652,10,A95
214,660002,25,17,5,5,1826,5,A95
215,1284680,36,23,10,4,3653,11,A95
216,1182322,11,33,5,6,1826,5,A95
217,196371,31,26,10,1,3653,11,A95
218,1077215,31,58,10,1,3653,11,A95
219,968893,11,41,10,1,3653,11,A95
220,1834379,21,25,5,6,1826,5,A95
221,1834379,21,25,5,6,1826,5,A95
222,1748226,31,36,10,6,3652,10,A95
223,790157,21,84,10,1,3653,11,A95
224,446874,31,40,10,6,3653,11,A95
225,319906,31,29,10,6,3653,11,A95
226,1598761,25,54,20,2,14245,40,A95
227,785023,31,44,10,4,3653,11,A95
228,326544,23,31,5,6,1827,6,A95
229,326544,23,23,5,6,1826,5,A95
230,1531804,33,39,10,6,3653,11,A95
231,1531804,33,49,10,1,3652,10,A95
232,1027883,11,37,10,6,3653,11,A95
233,531332,32,20,10,6,3652,10,A95
234,1656109,38,19,5,4,1826,5,A95
235,588221,38,38,10,6,3653,11,A95
236,1039519,11,43,5,6,1826,5,A95
237,393797,23,43,10,6,3653,11,A95
238,1772573,23,29,5,6,1827,6,A95
239,1772573,23,24,5,6,1826,5,A95
240,1704341,11,30,16,1,5844,17,A95
241,1388660,22,21,10,6,3653,11,A95
242,632581,37,19,10,3,3653,11,A95
243,632581,22,19,10,3,3653,11,A95
244,1432231,37,42,10,6,3653,11,A95
245,1432231,37,29,10,6,3652,10,A95
246,1142508,36,16,5,1,1826,5,A95
247,977253,31,54,20,1,8766,25,A95
248,1589951,11,19,10,6,3653,11,A95
249,1589951,11,16,10,6,3652,10,A95
250,989526,31,28,10,6,19358,54,A95
251,400447,31,34,5,6,1827,6,A95
252,400447,31,35,5,6,1826,5,A95
253,1446891,22,25,10,6,3652,10,A95
254,200583,31,45,5,6,1826,5,A95
255,200583,31,58,5,6,1826,5,A95
256,1463322,31,43,5,3,1826,5,A95
257,1463322,31,62,5,3,1826,5,A95
258,1142016,35,30,10,6,3652,10,A95
259,1267511,25,12,5,1,1826,5,A95
260,1267511,25,18,5,1,3653,11,A95
261,1016071,31,35,5,6,1827,6,A95
262,1065901,25,29,10,6,3653,11,A95
263,36161,31,30,10,6,3653,11,A95
264,1496884,31,35,10,6,3653,11,A95
265,571820,31,30,5,6,1827,6,A95
266,571820,31,25,5,6,1826,5,A95
267,1198438,26,24,15,1,5479,16,A95
268,1056376,26,26,5,6,1826,5,A95
269,1056376,26,30,5,6,1827,6,A95
270,915430,31,46,5,6,1827,6,A95
271,915430,31,33,5,6,1826,5,A95
272,1034927,24,20,10,6,3652,10,A95
273,1398790,36,48,10,3,3653,11,A95
274,1854597,36,25,10,6,3652,10,A95
275,1854597,36,23,10,6,3653,11,A95
276,1368287,11,19,15,4,5479,16,A95
277,673925,11,30,10,6,3652,10,A95
278,1574947,31,12,10,6,3653,11,A95
279,1709593,11,34,10,1,3653,11,A95
280,290123,35,45,5,3,1827,6,A95
281,434397,31,54,10,3,3653,11,A95
282,1028018,33,23,10,6,3652,10,A95
283,706328,34,25,5,6,1827,6,A95
284,1301769,38,5,10,6,3653,11,A95
285,1301769,38,18,10,6,3652,10,A95
286,619199,36,46,5,6,1826,5,A95
287,120533,33,85,5,3,1827,6,A95
288,1409316,33,43,20,1,23011,64,A95
289,1367689,11,35,10,6,3653,11,A95
290,900676,31,53,5,6,1826,5,A95
291,204846,21,11,10,6,3653,11,A95
292,204846,21,29,10,6,3652,10,A95
293,141055,11,34,10,6,3652,10,A95
294,209043,22,67,15,6,5479,16,A95
295,1932008,32,32,10,3,16802,47,A95
296,327797,31,52,15,1,5479,16,A95
297,1806945,24,22,5,5,1826,5,A95
298,309310,38,18,10,6,3652,10,A95
299,1324131,23,23,10,6,3652,10,A95
300,981267,11,54,20,2,7670,21,A95
301,129919,23,40,10,6,3653,11,A95
302,512539,35,53,10,4,3652,10,A95
303,1111942,11,29,15,6,5479,16,A95
304,1111942,31,36,10,6,3653,11,A95
305,1905659,31,21,10,1,3652,10,A95
306,1020092,31,75,5,6,1826,5,A95
307,172031,25,33,10,6,3652,10,A95
308,1518735,33,45,5,1,1826,5,A95
309,328487,23,22,10,6,3653,11,A95
310,328487,23,12,10,6,3653,11,A95
311,1079447,31,13,5,1,1827,6,A95
312,1615340,11,39,10,3,3653,11,A95
313,658189,31,43,5,6,1826,5,A95
314,658189,31,35,5,6,1827,6,A95
315,781575,11,20,10,6,3653,11,A95
316,1709607,31,15,5,1,3652,10,A95
317,41003,37,23,10,1,3652,10,A95
318,343919,31,29,20,3,8036,23,A95
319,656179,33,24,10,6,3652,10,A95
320,1907562,21,42,5,6,1826,5,A95
321,1907562,21,42,5,6,1826,5,A95
322,1139090,33,70,10,6,3652,10,A95
323,1563963,34,36,5,6,1827,6,A95
324,1563963,34,27,5,6,1826,5,A95
325,1377988,11,83,20,1,11323,32,A95
326,1367231,22,22,45,1,16436,46,A95
327,918220,11,18,10,6,3653,11,A95
328,1860364,11,20,10,6,20089,56,A95
329,358075,31,25,10,6,3652,10,A95
330,1474592,31,52,10,1,8766,25,A95
331,1286218,32,29,10,6,3653,11,A95
332,1323080,23,18,10,3,3653,11,A95
333,1344326,31,13,10,6,3652,10,A95
334,624120,37,35,5,3,1826,5,A95
335,1441140,21,28,10,6,3653,11,A95
336,1184335,22,51,5,6,1826,5,A95
337,1147713,31,19,10,3,3652,10,A95
338,1662921,31,27,10,6,3653,11,A95
339,285810,26,24,10,3,3652,10,A95
340,1615576,31,27,10,6,3652,10,A95
341,489553,23,30,20,6,7305,21,A95
342,1203612,31,12,10,6,3652,10,A95
343,1203612,31,11,10,6,3652,10,A95
344,140421,11,36,5,3,1827,6,A95
345,1202362,34,20,10,6,3652,10,A95
346,741235,34,16,5,1,3652,10,A95
347,1699443,22,12,5,5,1826,5,A95
348,850241,32,10,5,1,1826,5,A95
349,850241,32,13,5,1,3653,11,A95
350,356277,24,9,10,6,3652,10,A95
351,356277,24,9,5,5,3652,10,A95
352,356277,24,20,10,6,3653,11,A95
353,1478786,31,24,10,6,3653,11,A95
354,517808,11,52,10,6,3652,10,A95
355,827819,21,26,20,1,22280,62,A95
356,121879,31,22,10,6,3652,10,A95
357,607040,34,46,10,99,3653,11,A95
358,1047583,31,31,10,6,3653,11,A95
359,1047583,31,28,10,6,3652,10,A95
360,1489875,11,26,10,6,3652,10,A95
361,994168,21,40,10,6,3652,10,A95
362,283612,11,58,5,6,1827,6,A95
363,1725878,31,74,20,2,13880,39,A95
364,1490461,37,30,5,1,3652,10,A95
365,332911,38,26,10,6,3653,11,A95
366,375039,31,43,20,4,12053,33,A95
367,1905011,23,36,10,6,3653,11,A95
368,1905011,11,6,10,6,3653,11,A95
369,326768,31,22,5,3,1827,6,A95
370,326768,31,22,5,3,1826,5,A95
371,1795061,11,5,10,6,3652,10,A95
372,1795061,11,6,10,6,3652,10,A95
373,1795061,11,15,10,6,3653,11,A95
374,1039864,23,39,10,3,3653,11,A95
375,1900536,21,37,40,1,14610,41,A95
376,1100981,38,41,10,6,3653,11,A95
377,1025061,31,17,5,4,1827,6,A95
378,1025061,31,16,5,4,1826,5,A95
379,1200690,31,28,5,1,3652,10,A95
380,1070726,22,50,10,1,14975,42,A95
381,977838,36,50,10,6,3653,11,A95
382,977838,36,24,10,6,3652,10,A95
383,1124896,33,42,10,6,3653,11,A95
384,1571044,24,31,5,6,1826,5,A95
385,1785926,24,43,10,1,6575,19,A95
386,1785926,24,47,10,1,6575,19,A95
387,1179572,11,40,10,6,3653,11,A95
388,467231,23,16,5,1,1826,5,A95
389,306039,37,70,15,1,5479,16,A95
390,1939909,39,24,5,6,1826,5,A95
391,848274,31,46,5,6,1827,6,A95
392,848274,31,33,5,6,1826,5,A95
393,1808883,24,20,5,4,1826,5,A95
394,1808883,24,21,5,4,1826,5,A95
395,789330,32,32,5,6,1826,5,A95
396,789330,32,32,5,6,1826,5,A95
397,1514833,33,41,10,6,3653,11,A95
398,963586,21,10,10,6,3652,10,A95
399,125343,23,37,10,6,3653,11,A95
400,585402,31,27,10,6,3653,11,A95
401,1049973,11,28,5,3,1827,6,A95
402,1012462,24,18,5,1,3652,10,A95
403,170712,34,24,10,6,3652,10,A95
404,170712,34,24,10,6,3652,10,A95
405,1046342,23,37,5,6,1826,5,A95
406,1046342,23,37,5,6,1826,5,A95
407,1645851,26,28,10,6,3653,11,A95
408,168037,36,13,10,6,3652,10,A95
409,1066560,39,30,20,1,7305,21,A95
410,1449554,37,45,10,1,3653,11,A95
411,1449554,37,19,5,3,1826,5,A95
412,1449554,37,19,5,3,1826,5,A95
413,669235,31,21,10,6,3652,10,A95
414,623214,37,26,10,6,3653,11,A95
415,1842898,31,19,10,3,3652,10,A95
416,565077,37,26,10,6,3653,11,A95
417,565077,37,11,10,6,3653,11,A95
418,32687,37,36,5,6,1826,5,A95
419,710887,33,31,10,6,3653,11,A95
420,710887,33,13,10,6,3653,11,A95
421,1417587,22,34,10,6,3653,11,A95
422,942799,36,37,10,6,3652,10,A95
423,384678,34,22,10,6,3652,10,A95
424,644600,31,34,10,6,3652,10,A95
425,1264725,24,25,10,3,3652,10,A95
426,1856768,11,18,5,1,3652,10,A95
427,840001,32,20,5,6,1826,5,A95
428,840001,32,46,5,6,1827,6,A95
429,840001,32,46,5,6,1827,6,A95
430,853949,38,59,10,1,3653,11,A95
431,1948447,31,23,5,3,1826,5,A95
432,234126,21,17,5,1,3652,10,A95
433,1121660,11,27,10,6,3652,10,A95
434,1121660,11,12,10,6,3652,10,A95
435,1121660,11,12,10,6,3652,10,A95
436,1054107,26,16,15,6,5479,16,A95
437,569274,31,29,15,1,5479,16,A95
438,569274,23,25,10,6,3653,11,A95
439,1512049,22,46,5,6,1826,5,A95
440,1512049,22,46,5,6,1826,5,A95
441,4949,31,18,10,6,3652,10,A95
442,4949,31,3,10,6,3653,11,A95
443,1386470,23,34,20,2,16802,47,A95
444,67573,34,24,5,4,1827,6,A95
445,878088,31,23,20,6,7305,21,A95
446,1160863,31,45,15,3,5844,17,A95
447,431368,11,42,10,6,3653,11,A95
448,1761954,38,32,10,6,3653,11,A95
449,318480,23,19,5,3,1826,5,A95
450,318480,23,16,5,3,1827,6,A95
451,236483,11,25,5,3,1826,5,A95
452,1233137,31,33,10,6,3653,11,A95
453,185972,25,24,10,6,3652,10,A95
454,1090375,11,40,5,1,22646,63,A95
455,1447203,34,25,10,6,3653,11,A95
456,1447203,34,28,10,6,3653,11,A95
457,1447203,34,25,10,6,3652,10,A95
458,1447203,34,28,10,6,3652,10,A95
459,1353008,33,27,10,1,3653,11,A95
460,1033639,38,44,20,6,7305,21,A95
461,529916,36,39,10,6,3652,10,A95
462,363907,31,35,10,6,3653,11,A95
463,395368,38,23,5,1,1826,5,A95
464,875532,25,10,5,1,3652,10,A95
465,1818094,38,28,15,1,5479,16,A95
466,986663,31,37,10,6,3652,10,A95
467,441960,33,82,5,4,1826,5,A95
468,441960,33,82,5,4,1826,5,A95
469,410700,34,22,10,6,3653,11,A95
470,641430,23,49,5,6,1827,6,A95
471,641430,23,36,5,6,1826,5,A95
472,1505416,23,19,5,5,1826,5,A95
473,1505416,23,23,10,6,3652,10,A95
474,1749042,31,6,5,6,1827,6,A95
475,1749042,31,19,5,6,1827,6,A95
476,1749042,31,18,5,6,1826,5,A95
477,1044984,31,27,15,6,5479,16,A95
478,96894,11,24,20,6,7305,21,A95
479,1956550,25,41,20,1,7305,21,A95
480,1211556,34,50,10,1,3653,11,A95
481,744031,31,23,10,6,3653,11,A95
482,355663,11,32,10,3,3652,10,A95
483,1098653,34,37,5,6,1826,5,A95
484,1168641,11,21,10,6,3652,10,A95
485,1085277,11,19,5,6,1826,5,A95
486,994512,11,49,5,6,1826,5,A95
487,796573,31,69,10,6,3652,10,A95
488,498737,22,24,15,6,5479,16,A95
489,824866,38,28,10,1,3653,11,A95
490,425608,11,30,10,6,3652,10,A95
491,1379177,31,52,5,3,1826,5,A95
492,1379177,31,64,5,3,1827,6,A95
493,295923,31,67,10,1,3653,11,A95
494,1191154,38,29,5,6,1826,5,A95
495,1191154,38,30,5,6,1826,5,A95
496,1191154,21,40,10,6,3652,10,A95
497,1897539,31,36,10,6,3652,10,A95
498,1763772,33,20,15,6,5479,16,A95
499,314031,11,20,5,6,1826,5,A95
500,432486,11,30,10,6,3652,10,A95
501,205021,11,20,15,6,5479,16,A95
502,1502320,31,30,10,6,3653,11,A95
503,1502320,31,30,10,6,3653,11,A95
504,1289967,31,14,5,6,1826,5,A95
505,1903199,11,40,10,6,3652,10,A95
506,1412659,11,31,5,6,1826,5,A95
507,1038922,36,55,10,6,3652,10,A95
508,424530,31,25,15,6,5478,15,A95
509,1734615,11,41,10,3,3653,11,A95
510,1401700,24,10,5,5,3652,10,A95
511,983006,22,26,10,6,3652,10,A95
512,421671,23,60,10,1,3653,11,A95
513,1956868,31,22,5,6,1826,5,A95
514,1608817,31,56,15,1,5479,16,A95
515,812784,38,40,10,6,3653,11,A95
516,89367,32,53,10,3,16437,46,A95
517,1093790,32,43,20,1,20454,57,A95
518,67524,39,24,5,6,1826,5,A95
519,67524,39,42,10,6,3653,11,A95
520,339188,11,36,10,6,3653,11,A95
521,749138,31,34,10,1,3653,11,A95
522,1734634,39,37,5,1,1826,5,A95
523,163798,22,50,5,3,1826,5,A95
524,163798,22,65,5,3,1827,6,A95
525,1692140,25,46,15,1,5479,16,A95
526,286401,31,30,10,99,16436,46,A95
527,436446,38,65,10,3,3652,10,A95
528,1728168,21,46,5,3,1826,5,A95
529,72566,38,11,5,5,3653,11,A95
530,72566,38,8,5,5,1826,5,A95
531,323611,38,23,10,6,3652,10,A95
532,1395528,38,21,5,4,1826,5,A95
533,1395528,38,19,5,4,1826,5,A95
534,786338,37,10,5,1,1826,5,A95
535,786338,37,14,5,1,3653,11,A95
536,477159,32,16,5,1,3652,10,A95
537,1188398,31,39,10,6,3653,11,A95
538,1188398,31,16,10,6,3652,10,A95
539,794994,31,35,10,3,20089,56,A95
540,340449,31,31,10,99,3653,11,A95
541,881309,36,38,10,1,3653,11,A95
542,422137,37,16,10,6,3652,10,A95
543,422137,37,18,10,6,3652,10,A95
544,422137,37,8,10,6,3653,11,A95
545,422137,37,27,10,6,3652,10,A95
546,1935346,31,24,15,6,5478,15,A95
547,1835842,34,25,10,6,3653,11,A95
548,1599281,35,22,5,1,3653,11,A95
549,712453,38,21,10,3,3652,10,A95
550,726914,36,150,15,1,5479,16,A95
551,1478138,34,21,10,6,3653,11,A95
552,1478138,34,26,10,6,3653,11,A95
553,994087,23,19,10,6,3652,10,A95
554,1907632,31,68,10,1,3652,10,A95
555,694036,31,20,5,3,1827,6,A95
556,694036,31,21,5,3,1826,5,A95
557,1820117,31,10,5,1,1826,5,A95
558,1820117,31,16,5,1,3653,11,A95
559,1375866,31,28,10,6,3652,10,A95
560,1175053,31,26,5,1,1826,5,A95
561,701925,31,26,5,6,1826,5,A95
562,701925,31,25,5,6,1826,5,A95
563,64063,26,18,10,6,3653,11,A95
564,64063,26,12,10,6,3652,10,A95
565,64063,26,17,10,6,3652,10,A95
566,64063,26,16,10,6,3653,11,A95
567,1224405,37,20,10,6,3653,11,A95
568,988240,31,15,10,6,3652,10,A95
569,988240,31,12,10,6,3652,10,A95
570,1182364,11,16,5,5,3653,11,A95
571,818620,33,45,10,3,3652,10,A95
572,131136,22,33,5,6,1827,6,A95
573,131136,22,26,5,6,1826,5,A95
574,21283,32,37,5,6,1826,5,A95
575,1940344,23,36,10,3,3653,11,A95
576,1415885,22,24,10,6,3652,10,A95
577,877880,35,32,5,1,1826,5,A95
578,877880,35,28,10,1,3653,11,A95
579,37765,11,25,10,6,3652,10,A95
580,1195774,34,27,10,6,3652,10,A95
581,864582,24,60,10,1,22280,62,A95
582,138751,34,26,5,6,1826,5,A95
583,1769360,31,58,10,2,13514,38,A95
584,1262346,38,40,20,1,20820,58,A95
585,76787,38,17,5,4,1827,6,A95
586,76787,38,16,5,4,1826,5,A95
587,882257,38,40,10,6,3652,10,A95
588,1007810,23,44,10,6,3652,10,A95
589,1512936,22,49,20,2,14245,40,A95
590,1188302,11,50,10,6,3653,11,A95
591,1170088,11,18,10,6,3652,10,A95
592,1170088,31,53,20,3,17897,50,A95
593,1003609,11,54,15,1,5478,15,A95
594,1397721,37,58,10,6,3653,11,A95
595,1220920,11,25,10,1,3653,11,A95
596,1762625,21,10,5,5,3653,11,A95
597,1762625,21,7,5,5,1826,5,A95
598,1515711,38,14,5,4,1827,6,A95
599,1515711,38,14,5,4,1826,5,A95
600,1804950,22,39,10,6,3652,10,A95
601,297346,38,47,5,6,1827,6,A95
602,144791,21,31,10,3,3652,10,A95
603,1809556,31,78,10,1,9862,28,A95
604,804142,37,28,10,6,3652,10,A95
605,1430106,31,21,10,6,3652,10,A95
606,604043,31,27,10,6,3652,10,A95
607,659969,31,22,20,6,7305,21,A95
608,281299,31,11,5,1,3652,10,A95
609,281299,31,7,5,1,1826,5,A95
610,143275,36,33,35,1,12783,35,A95
611,1622251,11,25,10,1,3652,10,A95
612,674791,23,74,10,1,3653,11,A95
613,533462,36,63,10,1,3653,11,A95
614,1245909,21,8,10,6,3653,11,A95
615,1563776,32,25,5,1,1827,6,A95
616,1563776,32,25,5,1,1827,6,A95
617,1048237,23,61,5,3,1827,6,A95
618,1048237,23,44,5,3,1826,5,A95
619,1250688,26,32,5,3,1826,5,A95
620,1443985,22,38,30,1,10927,30,A95
621,1230630,33,45,20,6,7305,21,A95
622,71192,21,42,10,6,3652,10,A95
623,1356685,31,17,5,6,1826,5,A95
624,1069010,38,44,10,1,3653,11,A95
625,329303,37,38,10,6,3653,11,A95
626,762164,31,61,20,1,8400,23,A95
627,1735044,38,51,10,3,3653,11,A95
628,1446038,36,25,5,1,1826,5,A95
629,612585,23,36,10,3,3652,10,A95
630,237297,32,11,10,6,3652,10,A95
631,733517,11,22,10,6,3652,10,A95
632,1661051,31,17,10,6,3652,10,A95
633,1661051,31,13,10,6,3652,10,A95
634,252350,35,22,5,1,1827,6,A95
635,1430651,34,11,10,6,3652,10,A95
636,1235685,35,47,5,5,3652,10,A95
637,1922657,31,24,5,3,1826,5,A95
638,1922657,31,29,5,3,1827,6,A95
639,1529209,11,20,5,3,1826,5,A95
640,1561359,34,28,5,6,1827,6,A95
641,351147,24,23,5,4,1827,6,A95
642,1129011,11,15,5,6,1826,5,A95
643,945276,33,37,10,1,3652,10,A95
644,1847133,25,22,20,1,10957,30,A95
645,1847133,25,26,20,1,10957,30,A95
646,62760,31,12,5,6,1826,5,A95
647,62760,31,13,5,6,1827,6,A95
648,62760,31,21,5,6,1827,6,A95
649,664611,31,25,5,3,1826,5,A95
650,824678,21,30,5,6,1827,6,A95
651,547014,35,19,10,6,3653,11,A95
652,509065,35,65,5,6,1826,5,A95
653,1646527,11,16,10,6,3652,10,A95
654,1646527,11,6,10,6,3653,11,A95
655,1180749,32,9,10,6,3653,11,A95
656,1180749,32,25,10,6,3653,11,A95
657,772702,23,60,5,3,1826,5,A95
658,1799558,39,27,5,6,1826,5,A95
659,1799558,39,27,5,6,1826,5,A95
660,1138320,23,27,10,6,3652,10,A95
661,1698810,22,41,10,6,3652,10,A95
662,1477378,11,18,10,6,3652,10,A95
663,1541631,24,23,10,6,3653,11,A95
664,1543931,11,28,10,6,3653,11,A95
665,788371,31,34,20,4,7305,21,A95
666,60839,31,34,10,3,3653,11,A95
667,607964,11,25,5,1,3652,10,A95
668,607964,32,160,15,1,5479,16,A95
669,316927,11,14,5,5,3652,10,A95
670,1642400,31,29,10,6,3653,11,A95
671,114765,31,36,5,6,1826,5,A95
672,940907,22,29,10,3,3652,10,A95
673,1580656,25,67,10,6,3652,10,A95
674,1402774,24,22,10,6,3653,11,A95
675,1483607,21,21,5,1,1826,5,A95
676,1311057,23,41,10,6,3652,10,A95
677,1311057,23,11,10,6,3652,10,A95
678,1154106,11,41,10,1,3653,11,A95
679,1934515,11,50,10,6,3652,10,A95
680,1170243,11,50,10,1,6574,18,A95
681,1170243,11,36,10,1,6574,18,A95
682,1698714,31,32,30,1,10957,30,A95
683,1813290,11,19,20,6,7305,21,A95
684,637943,22,42,10,1,3653,11,A95
685,1464112,34,40,10,6,3652,10,A95
686,558100,38,26,5,4,1827,6,A95
687,558100,38,25,5,4,1826,5,A95
688,1129035,35,54,15,1,5479,16,A95
689,858259,32,41,10,6,3653,11,A95
690,666636,21,46,5,1,3652,10,A95
691,690454,31,28,5,4,1827,6,A95
692,690454,31,24,5,4,1826,5,A95
693,1859283,21,20,5,6,1826,5,A95
694,1859283,21,24,5,6,1827,6,A95
695,523169,32,57,10,3,3653,11,A95
696,1436220,32,27,5,4,1826,5,A95
697,1407574,32,25,10,6,3653,11,A95
698,1407574,32,13,5,4,1827,6,A95
699,1302005,22,44,10,6,3653,11,A95
700,1013389,11,15,10,6,3653,11,A95
701,1013389,11,29,10,6,3653,11,A95
702,1013389,11,41,10,6,3652,10,A95
703,1013389,11,37,10,6,3652,10,A95
704,476676,26,40,15,6,5479,16,A95
705,962999,31,47,5,3,1826,5,A95
706,962999,31,29,10,6,3652,10,A95
707,66391,31,22,5,6,1827,6,A95
708,66391,31,21,5,6,1826,5,A95
709,1897665,31,58,11,1,4017,11,A95
710,484946,25,24,15,6,5479,16,A95
711,374912,35,29,10,6,3653,11,A95
712,156255,36,19,5,1,1826,5,A95
713,560630,24,8,10,6,3652,10,A95
714,560630,24,12,10,6,3653,11,A95
715,1380259,11,33,10,6,3653,11,A95
716,1937909,21,35,5,3,1826,5,A95
717,1937909,21,33,5,3,1826,5,A95
718,1937909,21,33,5,3,1826,5,A95
719,1395857,23,20,10,1,3653,11,A95
720,1139331,31,27,10,6,3652,10,A95
721,582038,21,27,15,6,5479,16,A95
722,582038,21,28,10,6,3653,11,A95
723,218131,32,46,10,6,3653,11,A95
724,1336565,31,36,5,6,1826,5,A95
725,1336565,31,27,5,6,1826,5,A95
726,1336565,31,31,5,6,1826,5,A95
727,1336565,31,15,10,6,3653,11,A95
728,517999,31,35,20,2,8401,24,A95
729,1811742,31,34,10,3,3652,10,A95
730,39499,38,22,10,3,3652,10,A95
731,1745196,33,25,5,5,1827,6,A95
732,880783,38,48,5,6,1826,5,A95
733,106598,37,37,10,6,3652,10,A95
734,1538259,36,31,10,3,3652,10,A95
735,756592,38,30,10,6,17897,50,A95
736,90455,11,36,10,6,3653,11,A95
737,1295990,31,32,30,1,10957,30,A95
738,1090954,24,30,10,6,3653,11,A95
739,1748360,31,56,10,1,3653,11,A95
740,1748360,31,56,10,1,3653,11,A95
741,1527428,33,24,25,1,9131,25,A95
742,7435,23,28,10,1,3653,11,A95
743,1015413,25,49,5,6,1826,5,A95
744,1120562,31,24,10,6,3653,11,A95
745,677302,23,31,5,3,1826,5,A95
746,572885,37,29,5,5,1826,5,A95
747,266969,34,15,10,6,3653,11,A95
748,266969,34,13,10,6,3652,10,A95
749,266969,34,12,10,6,3652,10,A95
750,1022802,11,27,5,1,1826,5,A95
751,1535719,11,40,10,1,18263,51,A95
752,99983,22,33,5,6,1826,5,A95
753,99983,22,37,5,6,1827,6,A95
754,1736365,31,32,10,6,3652,10,A95
755,198037,38,24,10,6,3653,11,A95
756,1314197,32,51,10,6,3652,10,A95
757,1314197,32,48,10,6,3652,10,A95
758,1284547,25,24,5,1,1827,6,A95
759,353044,31,50,10,6,13515,38,A95
760,536518,37,63,5,5,3653,11,A95
761,704865,11,55,15,3,7305,21,A95
762,704865,11,67,15,3,7305,21,A95
763,1593733,31,28,5,5,1826,5,A95
764,1207588,22,54,5,6,1827,6,A95
765,1444371,26,30,5,6,1826,5,A95
766,1444371,26,30,5,6,1826,5,A95
767,166998,37,30,5,1,1827,6,A95
768,674768,11,20,10,6,3653,11,A95
769,674768,11,28,10,6,3652,10,A95
770,674768,11,14,10,6,3653,11,A95
771,386257,34,25,5,3,1826,5,A95
772,1268852,21,55,10,3,6940,20,A95
773,1515413,23,23,5,6,1826,5,A95
774,1515413,23,30,5,6,1826,5,A95
775,158364,22,42,10,3,3652,10,A95
776,1504924,23,26,10,6,3653,11,A95
777,516226,31,49,10,1,3653,11,A95
778,361362,25,57,10,6,3653,11,A95
779,1345054,31,45,10,2,4383,13,A95
780,1345054,31,58,10,2,4383,13,A95
781,1922091,26,55,15,1,5478,15,A95
782,1702667,24,29,10,1,3653,11,A95
783,739966,33,34,10,6,3653,11,A95
784,763847,31,22,10,1,3652,10,A95
785,1955136,23,36,5,6,1826,5,A95
786,377322,36,26,10,6,3653,11,A95
787,572119,31,27,15,1,5479,16,A95
788,1402217,11,10,10,6,3653,11,A95
789,1402217,11,13,10,6,3653,11,A95
790,571365,31,15,5,1,3652,10,A95
791,571365,31,10,5,1,1826,5,A95
792,571365,31,31,10,6,3652,10,A95
793,987566,31,17,10,3,3653,11,A95
794,1155331,35,46,10,6,3653,11,A95
795,101100,11,33,15,1,5479,16,A95
796,547232,21,39,10,6,3653,11,A95
797,290495,25,35,5,6,1826,5,A95
798,520554,11,25,10,6,3652,10,A95
799,1813329,38,78,20,1,7305,21,A95
800,193257,31,14,10,6,3653,11,A95
801,193257,31,31,10,6,3652,10,A95
802,1391135,11,22,10,1,3653,11,A95
803,1391135,11,25,10,1,3653,11,A95
804,902615,34,3,10,6,3653,11,A95
805,902615,34,19,10,6,3653,11,A95
806,902615,34,10,5,5,3652,10,A95
807,1866994,11,44,10,6,3653,11,A95
808,1787389,11,42,5,6,1826,5,A95
809,1787389,11,42,5,6,1826,5,A95
810,1104217,11,23,10,6,3652,10,A95
811,1857908,37,52,10,6,3653,11,A95
812,1615551,22,41,10,6,3653,11,A95
813,1767584,32,95,20,1,7305,21,A95
814,1575992,31,22,10,6,3653,11,A95
815,1427949,34,16,15,6,5479,16,A95
816,121470,32,31,10,1,3653,11,A95
817,340255,31,20,10,6,3653,11,A95
818,340255,31,23,10,6,3653,11,A95
819,709617,31,37,5,6,1827,6,A95
820,709617,31,47,5,6,1826,5,A95
821,993721,11,22,25,1,9131,25,A95
822,1080274,21,41,10,6,3653,11,A95
823,424430,38,22,10,6,3653,11,A95
824,614594,31,32,20,6,7305,21,A95
825,1057749,37,24,10,6,3653,11,A95
826,187246,31,77,10,1,3653,11,A95
827,111165,11,38,10,6,3652,10,A95
828,877305,37,13,10,6,3653,11,A95
829,981061,26,16,10,6,3652,10,A95
830,95924,11,32,5,6,1826,5,A95
831,1819980,39,35,20,4,18262,50,A95
832,1134985,25,43,10,6,3652,10,A95
833,1134985,25,42,10,6,3652,10,A95
834,1134985,25,21,10,6,3653,11,A95
835,796988,38,48,10,1,3653,11,A95
836,602055,24,43,10,1,4748,13,A95
837,1696149,36,37,10,1,12419,35,A95
838,1696149,36,30,10,1,12419,35,A95
839,168312,33,37,10,6,3653,11,A95
840,436832,11,35,10,6,3652,10,A95
841,1538535,35,26,10,1,3653,11,A95
842,1538535,35,25,10,1,3653,11,A95
843,1538535,35,25,5,1,1826,5,A95
844,1210733,36,38,10,6,3653,11,A95
845,420721,23,29,10,6,3652,10,A95
846,107463,31,42,5,6,1827,6,A95
847,107463,31,30,5,6,1826,5,A95
848,1528782,37,19,5,1,1826,5,A95
849,1825823,38,14,5,5,3652,10,A95
850,1707848,36,36,10,1,4018,12,A95
851,1706299,11,24,10,6,3652,10,A95
852,1928125,35,38,10,6,3652,10,A95
853,543553,31,40,10,1,3653,11,A95
854,1833609,21,9,10,6,3652,10,A95
855,1833609,21,21,10,6,3652,10,A95
856,1153491,38,59,10,6,3653,11,A95
857,639588,26,41,5,6,1827,6,A95
858,1125895,31,44,5,3,1827,6,A95
859,1125895,31,32,5,3,1826,5,A95
860,760752,24,24,10,6,3653,11,A95
861,760752,24,6,10,6,3653,11,A95
862,1880243,31,27,5,6,1826,5,A95
863,1559783,31,27,10,6,3653,11,A95
864,1559783,31,32,10,6,3653,11,A95
865,920029,31,32,5,6,1826,5,A95
866,59259,38,19,5,4,1826,5,A95
867,1214695,21,28,5,6,1826,5,A95
868,1214695,21,38,5,6,1827,6,A95
869,1414286,39,24,5,6,1827,6,A95
870,65474,31,22,10,6,3653,11,A95
871,65474,31,36,10,6,3652,10,A95
872,65474,31,34,10,6,3652,10,A95
873,254827,22,27,5,1,1826,5,A95
874,1091664,11,34,5,3,1826,5,A95
875,1539803,11,65,15,1,5479,16,A95
876,1450901,31,27,15,6,5478,15,A95
877,1691329,33,67,15,1,5479,16,A95
878,1703661,36,40,10,6,3652,10,A95
879,1502866,34,59,10,1,3653,11,A95
880,1052388,37,31,10,3,3653,11,A95
881,1052388,37,18,10,3,3653,11,A95
882,1871261,35,18,10,1,3653,11,A95
883,686777,36,38,10,6,3653,11,A95
884,1916475,35,45,5,3,1826,5,A95
885,72275,31,38,10,6,3652,10,A95
886,41228,31,68,10,6,3652,10,A95
887,607160,31,19,10,6,3652,10,A95
888,923543,11,30,10,6,3653,11,A95
889,923543,11,17,10,6,3652,10,A95
890,9179,31,40,10,6,3653,11,A95
891,1240689,25,17,5,1,3652,10,A95
892,1240689,25,11,5,1,1826,5,A95
893,1565868,11,24,10,6,3652,10,A95
894,1023788,36,41,10,3,3653,11,A95
895,807696,23,43,10,6,3652,10,A95
896,1107449,39,23,5,1,1826,5,A95
897,1090396,37,29,10,6,3653,11,A95
898,835533,31,31,15,1,5478,15,A95
899,790731,33,49,10,6,3653,11,A95
900,608482,34,27,10,6,3653,11,A95
901,608482,34,38,10,6,3653,11,A95
902,989821,31,29,10,6,3653,11,A95
903,1677311,26,41,10,3,3652,10,A95
904,1223797,37,51,10,6,3653,11,A95
905,1496409,38,23,10,6,3652,10,A95
906,209916,11,26,10,1,3653,11,A95
907,556022,36,61,15,1,5479,16,A95
908,778585,11,5,10,6,3652,10,A95
909,778585,11,6,10,6,3652,10,A95
910,778585,11,9,10,6,3652,10,A95
911,778585,11,24,10,6,3652,10,A95
912,1694657,23,36,45,3,16437,46,A95
913,1919,21,19,10,6,3652,10,A95
914,768202,31,39,5,6,1826,5,A95
915,1349579,38,19,10,6,3653,11,A95
916,435222,11,22,24,1,8766,25,A95
917,162748,32,45,16,1,5844,17,A95
918,788061,22,31,10,6,3652,10,A95
919,187448,31,56,10,3,3653,11,A95
920,818078,31,36,10,1,3653,11,A95
921,1948975,35,57,10,1,3653,11,A95
922,768587,31,11,10,6,3652,10,A95
923,768587,31,47,10,6,3652,10,A95
924,853850,11,32,5,6,1826,5,A95
925,339429,31,36,10,6,3653,11,A95
926,1407394,25,31,10,6,3652,10,A95
927,473788,31,19,5,4,1826,5,A95
928,473788,31,19,5,4,1827,6,A95
929,361927,11,46,15,6,5479,16,A95
930,843017,35,53,10,1,3653,11,A95
931,1780440,11,51,10,6,3653,11,A95
932,457747,23,24,5,4,1827,6,A95
933,457747,23,25,5,4,1826,5,A95
934,1284193,33,14,5,1,3652,10,A95
935,783628,31,35,10,6,3653,11,A95
936,1557999,11,50,5,6,1826,5,A95
937,1557999,11,34,5,6,1826,5,A95
938,1239152,34,33,10,6,3652,10,A95
939,1808726,22,23,10,6,3653,11,A95
940,203779,11,69,5,3,1826,5,A95
941,346505,11,46,5,2,6940,20,A95
942,346505,11,59,5,2,6940,20,A95
943,446017,31,55,5,6,1827,6,A95
944,446017,31,40,5,6,1826,5,A95
945,1695048,35,33,15,6,5478,15,A95
946,762645,35,59,10,6,3653,11,A95
947,762645,35,25,10,6,3653,11,A95
948,526773,11,26,10,6,3652,10,A95
949,1404806,33,15,5,1,3652,10,A95
950,1462631,31,30,15,1,5479,16,A95
951,1875277,32,39,10,3,3652,10,A95
952,411952,22,57,5,6,1826,5,A95
953,1817467,38,19,10,6,3652,10,A95
954,1095856,31,35,5,6,1827,6,A95
955,1095856,31,44,5,6,1826,5,A95
956,950136,23,15,5,1,3653,11,A95
957,466120,11,22,5,6,1827,6,A95
958,42302,36,130,10,3,3653,11,A95
959,511700,31,27,5,6,1826,5,A95
960,1579131,21,32,5,6,1826,5,A95
961,1579131,21,27,5,6,1826,5,A95
962,1102800,33,52,10,1,3652,10,A95
963,1832990,36,35,10,3,3652,10,A95
964,1840652,11,41,5,3,1826,5,A95
965,1201490,34,37,20,1,12784,36,A95
966,1707664,11,130,15,1,12783,35,A95
967,909808,31,26,10,6,3653,11,A95
968,909808,31,16,10,6,3652,10,A95
969,909808,31,15,10,6,3652,10,A95
970,909808,31,26,10,6,3653,11,A95
971,455538,38,27,5,4,1826,5,A95
972,455538,38,36,5,4,1826,5,A95
973,1006557,36,40,10,6,3652,10,A95
974,781197,25,13,5,1,1826,5,A95
975,848775,38,30,10,6,3653,11,A95
976,1579122,25,21,15,6,5479,16,A95
977,337452,21,21,5,3,1826,5,A95
978,337452,21,19,5,3,1827,6,A95
979,347702,32,23,20,1,20454,57,A95
980,680580,11,33,15,6,5479,16,A95
981,1116578,23,27,10,6,3652,10,A95
982,665669,31,40,5,6,1826,5,A95
983,665669,31,53,5,6,1827,6,A95
984,1146813,35,26,5,4,1826,5,A95
985,1017477,24,36,10,6,3652,10,A95
986,130779,25,31,5,3,1826,5,A95
987,130779,25,36,5,3,1827,6,A95
988,1086074,31,11,10,6,3652,10,A95
989,1086074,31,9,10,6,3653,11,A95
990,1086074,31,32,10,6,3652,10,A95
991,1086074,31,20,10,6,3652,10,A95
992,199676,22,35,5,6,1826,5,A95
993,199676,22,44,5,6,1827,6,A95
994,561919,31,11,10,6,3652,10,A95
995,561919,31,13,10,6,3652,10,A95
996,561919,31,15,10,6,3652,10,A95
997,1852213,24,29,10,1,3653,11,A95
998,1136954,23,19,5,6,1826,5,A95
999,1756996,22,46,10,6,3652,10,A95
1000,146305,34,11,5,5,3653,11,A95
1001,819705,35,25,5,6,1826,5,A95
1002,1493019,21,27,40,1,14610,41,A95
1003,1744430,11,9,10,6,3652,10,A95
1004,446122,37,64,10,1,3653,11,A95
1005,1030050,31,26,5,1,1826,5,A95
1006,1030050,31,22,10,1,3652,10,A95
1007,956815,11,33,10,1,3653,11,A95
1008,443665,24,58,10,3,15706,44,A95
1009,508536,31,22,20,6,7305,21,A95
1010,752292,31,38,25,1,9131,25,A95
1011,1391304,35,28,10,6,3652,10,A95
1012,1593742,31,20,10,6,3652,10,A95
1013,1593742,31,19,10,6,3652,10,A95
1014,656382,11,25,10,6,3653,11,A95
1015,521253,31,60,5,5,3652,10,A95
1016,728699,31,18,5,6,1826,5,A95
1017,728699,31,20,5,6,1827,6,A95
1018,1753725,38,41,20,1,21185,59,A95
1019,1077729,21,11,10,6,3653,11,A95
1020,1045122,23,21,5,1,1826,5,A95
1021,1908413,39,33,5,6,1826,5,A95
1022,1192926,38,25,20,3,13880,39,A95
1023,667016,31,49,10,1,3652,10,A95
1024,83217,24,32,10,6,19358,54,A95
1025,269102,38,52,15,6,5479,16,A95
1026,1773491,31,27,10,1,3652,10,A95
1027,743089,21,12,5,5,3652,10,A95
1028,1371197,38,32,20,3,7671,22,A95
1029,909721,23,27,15,1,5479,16,A95
1030,1655325,33,15,15,1,5479,16,A95
1031,302055,36,31,5,4,1827,6,A95
1032,302055,36,28,5,4,1826,5,A95
1033,267398,11,23,15,4,5479,16,A95
1034,1304979,21,14,10,6,3653,11,A95
1035,1591164,37,17,25,1,9131,25,A95
1036,1760511,21,28,5,6,1826,5,A95
1037,1760511,21,23,5,6,1826,5,A95
1038,1116628,25,14,5,5,3652,10,A95
1039,942442,31,71,5,6,1827,6,A95
1040,942442,31,52,5,6,1826,5,A95
1041,1579277,25,51,10,6,3653,11,A95
1042,206111,37,20,10,6,3652,10,A95
1043,206111,37,5,10,6,3653,11,A95
1044,206111,37,10,10,6,3653,11,A95
1045,1862221,34,22,10,6,3653,11,A95
1046,500725,22,42,15,3,5479,16,A95
1047,722041,21,50,10,6,3652,10,A95
1048,1377717,25,34,10,6,3652,10,A95
1049,990207,11,23,10,6,3652,10,A95
1050,670823,36,30,5,3,1826,5,A95
1051,670823,36,30,5,3,1826,5,A95
1052,553717,38,51,5,6,1827,6,A95
1053,1353259,31,31,10,6,3652,10,A95
1054,461096,34,21,10,6,3652,10,A95
1055,1024877,31,22,5,1,1826,5,A95
1056,1024877,31,29,5,1,3653,11,A95
1057,1600338,31,22,10,6,3652,10,A95
1058,639550,31,40,5,6,1826,5,A95
1059,639550,31,28,5,6,1826,5,A95
1060,1263552,25,33,5,3,1827,6,A95
1061,1263552,25,28,5,3,1826,5,A95
1062,54305,38,22,20,1,7305,21,A95
1063,309476,37,14,5,1,1827,6,A95
1064,1436834,35,30,5,4,1826,5,A95
1065,500520,31,15,10,6,3652,10,A95
1066,500520,31,30,10,6,3652,10,A95
1067,500520,31,23,20,6,7305,21,A95
1068,650905,37,34,10,6,3652,10,A95
1069,650905,37,10,10,6,3653,11,A95
1070,650905,37,39,15,6,5479,16,A95
1071,1483123,11,52,5,3,1826,5,A95
1072,1483123,11,71,5,3,1827,6,A95
1073,1394783,31,28,35,1,12784,36,A95
1074,741095,31,3,10,6,3652,10,A95
1075,741095,31,31,10,6,3652,10,A95
1076,1852233,11,22,10,6,3653,11,A95
1077,1751870,32,16,10,6,3652,10,A95
1078,396707,35,58,10,6,3652,10,A95
1079,380135,23,34,10,3,3652,10,A95
1080,824278,31,34,5,6,1827,6,A95
1081,445003,11,34,5,1,1826,5,A95
1082,445003,11,34,5,5,1826,5,A95
1083,1637490,31,39,20,2,20454,57,A95
1084,544305,31,28,5,3,1826,5,A95
1085,1177827,31,46,20,1,12784,36,A95
1086,1316379,35,38,10,6,3653,11,A95
1087,1124648,32,31,10,6,3653,11,A95
1088,1194059,11,36,10,6,3653,11,A95
1089,915338,31,22,5,1,1827,6,A95
1090,915338,31,23,5,1,1826,5,A95
1091,202017,31,22,10,6,3653,11,A95
1092,653610,31,29,5,4,1826,5,A95
1093,1233370,39,34,15,6,5479,16,A95
1094,668891,11,41,5,6,1827,6,A95
1095,1528179,31,23,10,6,3653,11,A95
1096,460290,24,43,15,1,5478,15,A95
1097,877915,26,20,5,6,1826,5,A95
1098,877915,26,21,5,6,1826,5,A95
1099,627727,38,18,10,6,3653,11,A95
1100,168089,34,30,5,3,1826,5,A95
1101,381170,24,42,15,1,5479,16,A95
1102,20630,35,66,15,1,5479,16,A95
1103,126921,11,36,10,6,3653,11,A95
1104,1604624,34,18,35,1,12784,36,A95
1105,902817,31,69,10,6,3653,11,A95
1106,1509041,23,18,20,3,20088,55,A95
1107,736376,33,11,5,1,3652,10,A95
1108,1618339,25,59,10,3,3653,11,A95
1109,584691,37,50,13,1,4748,13,A95
1110,846069,11,51,10,6,3653,11,A95
1111,1905269,31,26,20,1,7305,21,A95
1112,1858342,25,19,20,6,27759,77,A95
1113,377382,31,23,10,6,3652,10,A95
1114,1403971,31,59,10,6,3653,11,A95
1115,1476101,34,43,5,3,1826,5,A95
1116,1476101,34,55,5,3,1827,6,A95
1117,746661,37,16,10,6,3653,11,A95
1118,746661,37,31,10,6,3653,11,A95
1119,1446703,33,22,10,6,3652,10,A95
1120,577782,36,21,10,3,3652,10,A95
1121,639172,11,49,5,3,1826,5,A95
1122,402924,31,24,5,6,1826,5,A95
1123,1814928,31,42,10,6,3652,10,A95
1124,1315962,38,19,10,6,3653,11,A95
1125,805816,31,30,10,6,3653,11,A95
1126,1249804,24,37,10,6,3653,11,A95
1127,250631,31,32,10,6,3653,11,A95
1128,101144,24,45,5,3,1826,5,A95
1129,749377,34,51,10,1,3652,10,A95
1130,729507,31,81,10,1,3653,11,A95
1131,1459112,36,36,5,1,1826,5,A95
1132,1551079,38,57,10,1,3653,11,A95
1133,180676,34,81,15,1,5479,16,A95
1134,1123826,38,10,5,1,1826,5,A95
1135,1123826,38,15,5,1,3653,11,A95
1136,993546,11,27,10,6,3652,10,A95
1137,1779192,26,19,15,6,5479,16,A95
1138,1448035,23,83,20,3,11688,33,A95
1139,979404,38,19,10,6,3653,11,A95
1140,979404,38,34,10,6,3652,10,A95
1141,979404,38,30,10,6,3652,10,A95
1142,979404,38,13,10,6,3653,11,A95
1143,1303734,31,20,5,6,1826,5,A95
1144,1074004,11,30,5,3,1827,6,A95
1145,1447522,35,20,10,6,3652,10,A95
1146,100460,39,32,5,6,1826,5,A95
1147,1834914,35,64,5,6,1826,5,A95
1148,1946122,11,8,10,6,3652,10,A95
1149,1946122,11,8,3,6,1096,4,A95
1150,1946122,11,8,3,6,1096,4,A95
1151,1946122,31,15,10,6,3653,11,A95
1152,234167,31,28,10,6,3652,10,A95
1153,1021763,31,16,5,1,3653,11,A95
1154,539114,11,46,10,6,3653,11,A95
1155,1462711,38,11,10,6,3652,10,A95
1156,1462711,38,19,10,6,3653,11,A95
1157,1016871,38,18,5,4,1826,5,A95
1158,1522895,11,23,10,6,3652,10,A95
1159,1623479,31,39,10,3,3652,10,A95
1160,401358,11,95,10,6,3652,10,A95
1161,897828,21,44,5,6,1827,6,A95
1162,897828,21,34,5,6,1826,5,A95
1163,918106,35,28,10,6,3653,11,A95
1164,1043547,24,27,5,6,1826,5,A95
1165,1337017,11,9,5,1,3653,11,A95
1166,451369,31,26,10,6,3653,11,A95
1167,201207,34,30,10,6,3652,10,A95
1168,201207,34,10,10,6,3652,10,A95
1169,1849988,11,11,20,6,7305,21,A95
1170,281433,26,40,5,6,1827,6,A95
1171,281433,26,40,5,6,1827,6,A95
1172,494366,32,16,10,6,3652,10,A95
1173,1223006,24,59,15,1,5479,16,A95
1174,50913,37,34,22,1,8035,22,A95
1175,1495028,32,31,10,4,3653,11,A95
1176,1239911,31,18,10,1,3653,11,A95
1177,1743468,32,20,5,3,1826,5,A95
1178,1030526,34,28,10,6,3653,11,A95
1179,7866,21,23,10,6,3653,11,A95
1180,1161554,37,36,15,6,5479,16,A95
1181,615897,11,50,5,6,1826,5,A95
1182,615897,11,71,5,6,1827,6,A95
1183,952388,37,34,10,6,3653,11,A95
1184,952388,37,23,10,6,3653,11,A95
1185,757277,11,12,10,6,3652,10,A95
1186,1077797,31,25,5,6,1826,5,A95
1187,1077797,31,34,5,6,1826,5,A95
1188,1733208,11,29,10,3,3653,11,A95
1189,924699,11,30,10,6,3652,10,A95
1190,25045,11,24,20,3,20454,57,A95
1191,204581,31,27,10,6,3653,11,A95
1192,415657,11,36,5,3,1826,5,A95
1193,810728,25,44,10,3,3653,11,A95
1194,1324552,31,55,10,1,13149,37,A95
1195,415623,39,96,15,1,5479,16,A95
1196,632748,23,13,10,6,3652,10,A95
1197,632748,23,25,10,6,3653,11,A95
1198,632748,23,14,10,6,3653,11,A95
1199,1054023,23,29,20,1,7305,21,A95
1200,342508,31,18,5,6,1827,6,A95
1201,1776422,35,34,5,6,1826,5,A95
1202,1776422,35,29,5,6,1826,5,A95
1203,1779289,11,43,10,6,3653,11,A95
1204,1092212,11,23,10,6,3652,10,A95
1205,1830714,37,43,10,6,3653,11,A95
1206,1830714,37,43,10,6,3653,11,A95
1207,1474334,11,29,10,6,3652,10,A95
1208,1871456,11,24,10,4,3652,10,A95
1209,173416,36,17,5,5,3652,10,A95
1210,1412121,11,24,10,6,3652,10,A95
1211,1590279,21,39,10,6,3653,11,A95
1212,1822281,26,19,10,6,3653,11,A95
1213,1822281,26,10,10,6,3653,11,A95
1214,1889843,25,49,5,6,1826,5,A95
1215,289222,31,46,20,1,20454,57,A95
1216,73925,31,28,10,6,3653,11,A95
1217,1352725,38,55,10,1,3653,11,A95
1218,1906894,23,22,40,1,14610,41,A95
1219,1068401,26,41,10,6,3653,11,A95
1220,1788433,31,23,10,6,3652,10,A95
1221,1031502,36,40,10,6,3652,10,A95
1222,367115,31,25,10,6,3653,11,A95
1223,195383,31,45,5,6,1826,5,A95
1224,195383,31,31,5,6,1826,5,A95
1225,1954405,21,50,10,6,3653,11,A95
1226,158065,38,23,10,6,3652,10,A95
1227,336058,31,30,5,6,1827,6,A95
1228,1806661,31,38,20,4,7305,21,A95
1229,1126584,31,32,10,3,3652,10,A95
1230,699181,31,27,15,1,5479,16,A95
1231,205700,32,33,10,6,3652,10,A95
1232,395363,37,60,5,1,2557,8,A95
1233,619785,21,30,10,6,3652,10,A95
1234,619785,21,35,10,3,3652,10,A95
1235,1228521,31,9,10,6,3652,10,A95
1236,1228521,31,10,10,6,3652,10,A95
1237,1813825,26,23,10,1,3653,11,A95
1238,1166975,31,22,15,1,5479,16,A95
1239,1275916,34,42,10,6,3653,11,A95
1240,1275916,34,35,5,3,1826,5,A95
1241,247217,31,27,5,4,1827,6,A95
1242,247217,31,25,5,4,1826,5,A95
1243,842322,21,32,5,6,1827,6,A95
1244,1473383,37,35,10,3,3652,10,A95
1245,1533174,33,81,20,1,7305,21,A95
1246,836428,37,20,10,6,3652,10,A95
1247,1547341,31,22,5,6,1827,6,A95
1248,746238,11,18,10,1,3652,10,A95
1249,630130,22,25,5,5,1826,5,A95
1250,724419,31,27,5,4,1826,5,A95
1251,724419,31,30,5,4,1827,6,A95
1252,166675,31,68,5,1,1827,6,A95
1253,278446,34,47,10,3,3652,10,A95
1254,1101927,11,22,20,3,11688,33,A95
1255,1206307,33,26,10,6,3652,10,A95
1256,244148,34,48,20,1,11323,32,A95
1257,1647838,34,11,5,5,1826,5,A95
1258,1647838,34,15,5,5,3653,11,A95
1259,489538,36,33,5,4,1826,5,A95
1260,489538,36,28,5,4,1826,5,A95
1261,1634822,38,39,10,3,3653,11,A95
1262,1777171,25,130,10,1,3653,11,A95
1263,9403,36,27,10,6,3652,10,A95
1264,9403,36,23,10,6,3653,11,A95
1265,9403,36,29,10,6,3653,11,A95
1266,713474,36,22,5,1,1826,5,A95
1267,636178,11,61,10,3,3653,11,A95
1268,1716646,22,34,5,3,1826,5,A95
1269,1570109,26,19,5,6,1826,5,A95
1270,1570109,26,39,5,6,1826,5,A95
1271,1484446,22,31,10,6,3652,10,A95
1272,1484446,22,9,10,6,3653,11,A95
1273,440173,31,28,15,1,5478,15,A95
1274,838716,36,45,10,6,3653,11,A95
1275,98517,31,22,10,6,3652,10,A95
1276,1284327,38,18,5,4,1826,5,A95
1277,1284327,38,23,5,4,1827,6,A95
1278,124523,25,6,5,1,1826,5,A95
1279,124523,25,7,5,1,3653,11,A95
1280,953679,11,13,10,6,3653,11,A95
1281,425834,31,21,10,6,3653,11,A95
1282,1506551,35,19,10,6,3652,10,A95
1283,1263274,31,29,10,6,20454,57,A95
1284,1325477,21,39,10,1,3653,11,A95
1285,1912023,11,32,5,4,1826,5,A95
1286,1912023,11,37,5,4,1827,6,A95
1287,42473,11,25,10,6,3652,10,A95
1288,1870700,31,40,5,6,1826,5,A95
1289,1870700,31,30,5,6,1826,5,A95
1290,1266999,23,45,5,6,1826,5,A95
1291,1029292,33,46,30,1,10958,31,A95
1292,211690,31,35,15,1,5479,16,A95
1293,1159821,11,46,10,6,3652,10,A95
1294,92065,23,50,15,2,10227,29,A95
1295,1363705,32,38,10,4,3653,11,A95
1296,754783,37,18,10,6,3653,11,A95
1297,754783,37,18,5,6,1826,5,A95
1298,1693117,11,43,5,6,1826,5,A95
1299,1693117,11,31,5,6,1826,5,A95
1300,864949,31,14,5,1,1826,5,A95
1301,28691,23,27,5,6,1826,5,A95
1302,28691,23,29,10,6,3652,10,A95
1303,156056,34,71,20,2,10592,29,A95
1304,1063032,31,52,10,1,12053,33,A95
1305,148506,31,25,5,6,1827,6,A95
1306,148506,31,20,5,6,1826,5,A95
1307,35823,33,52,5,3,1827,6,A95
1308,325519,31,45,5,6,1826,5,A95
1309,1439067,34,29,5,1,3652,10,A95
1310,1439067,34,17,5,1,1826,5,A95
1311,1537928,31,28,10,6,3653,11,A95
1312,113403,21,69,10,3,3652,10,A95
1313,443542,34,23,10,6,3652,10,A95
1314,1026053,11,28,10,6,3653,11,A95
1315,574704,31,66,10,6,3652,10,A95
1316,1390685,22,52,15,6,5479,16,A95
1317,1865076,11,41,10,6,3653,11,A95
1318,1355536,38,17,5,6,1826,5,A95
1319,1355536,38,17,5,6,1826,5,A95
1320,37213,22,29,40,1,14610,41,A95
1321,1072345,32,52,20,1,7305,21,A95
1322,263076,11,14,5,6,1827,6,A95
1323,263076,11,13,5,6,1826,5,A95
1324,263076,11,17,5,6,1826,5,A95
1325,263076,11,15,5,6,1827,6,A95
1326,590695,23,16,10,6,3652,10,A95
1327,402794,22,16,20,6,7305,21,A95
1328,1721019,21,50,5,6,1827,6,A95
1329,302173,22,20,40,1,14610,41,A95
1330,1716582,24,24,10,3,3653,11,A95
1331,15598,25,34,10,6,3652,10,A95
1332,18543,31,37,20,6,7305,21,A95
1333,349509,23,66,10,6,3653,11,A95
1334,1508890,34,49,10,1,3653,11,A95
1335,684429,36,42,5,6,1826,5,A95
1336,684429,36,29,5,6,1826,5,A95
1337,811086,11,33,10,6,3652,10,A95
1338,820847,22,56,5,6,1826,5,A95
1339,1492532,31,40,10,6,3653,11,A95
1340,906412,22,17,15,6,5479,16,A95
1341,1647143,32,26,5,3,1827,6,A95
1342,497722,25,34,10,6,3652,10,A95
1343,1351762,31,15,15,1,5478,15,A95
1344,166730,31,31,10,6,3652,10,A95
1345,1665863,11,15,10,6,3653,11,A95
1346,1086814,38,23,20,6,7305,21,A95
1347,264371,38,55,5,1,1826,5,A95
1348,1351454,31,41,20,2,21550,60,A95
1349,1039217,32,32,5,4,1826,5,A95
1350,1039217,32,37,5,4,1827,6,A95
1351,587237,11,24,10,6,3653,11,A95
1352,402785,31,39,10,1,3653,11,A95
1353,1677989,31,16,10,1,3652,10,A95
1354,33632,23,24,10,6,3653,11,A95
1355,372826,21,27,10,6,3652,10,A95
1356,43110,35,18,5,1,3653,11,A95
1357,43110,35,10,5,1,1826,5,A95
1358,1802656,32,18,5,1,1826,5,A95
1359,38119,23,34,10,6,3653,11,A95
1360,92196,35,51,5,6,1827,6,A95
1361,571362,21,28,15,6,5479,16,A95
1362,159756,31,66,5,3,1826,5,A95
1363,652049,36,50,10,6,1826,5,A95
1364,652049,36,50,10,6,3653,11,A95
1365,652049,36,50,10,6,1826,5,A95
1366,341189,22,22,5,6,1826,5,A95
1367,341189,22,22,5,6,1826,5,A95
1368,1650220,31,30,10,6,3652,10,A95
1369,1650220,31,17,10,6,3653,11,A95
1370,797215,35,24,5,6,1826,5,A95
1371,609414,23,62,5,3,1827,6,A95
1372,1534235,36,22,10,6,3652,10,A95
1373,1148055,33,38,10,2,3653,11,A95
1374,168593,31,66,10,1,3653,11,A95
1375,1810520,38,32,5,3,1826,5,A95
1376,866336,22,32,10,6,3653,11,A95
1377,272219,11,83,10,1,12419,35,A95
1378,1012955,37,49,20,1,9131,25,A95
1379,62641,22,24,15,1,22280,62,A95
1380,1456882,25,25,10,6,3653,11,A95
1381,1456882,25,25,10,6,3653,11,A95
1382,1703844,37,35,49,1,17897,50,A95
1383,560881,11,27,15,6,5479,16,A95
1384,106882,31,46,10,1,3653,11,A95
1385,106882,31,35,10,6,3652,10,A95
1386,338781,11,21,10,6,3652,10,A95
1387,338781,11,29,10,6,3653,11,A95
1388,338781,11,15,10,6,3653,11,A95
1389,1091954,31,11,10,6,3652,10,A95
1390,1091954,31,9,10,6,3652,10,A95
1391,1091954,31,15,10,6,3652,10,A95
1392,1091954,31,11,10,6,3652,10,A95
1393,569071,22,64,20,1,9131,25,A95
1394,1917860,31,66,10,1,18993,53,A95
1395,296175,37,19,5,1,1826,5,A95
1396,1307773,11,45,5,1,1826,5,A95
1397,1343380,37,17,5,1,1826,5,A95
1398,988498,34,42,10,6,3653,11,A95
1399,78567,31,16,15,1,5478,15,A95
1400,1316692,31,47,5,3,1826,5,A95
1401,1792261,31,24,10,6,3653,11,A95
1402,504046,24,32,10,6,3653,11,A95
1403,1925124,38,25,5,3,1827,6,A95
1404,189088,34,18,5,4,1827,6,A95
1405,189088,34,18,5,4,1826,5,A95
1406,528160,23,21,20,1,13514,38,A95
1407,627133,36,13,5,5,1826,5,A95
1408,359734,37,21,10,1,23376,65,A95
1409,1375759,23,38,10,6,3652,10,A95
1410,846029,31,22,5,3,1826,5,A95
1411,784443,37,27,15,1,5479,16,A95
1412,1896130,24,28,15,6,5479,16,A95
1413,1896130,24,30,15,6,5478,15,A95
1414,1005236,37,82,20,1,7305,21,A95
1415,1906247,34,9,10,6,3652,10,A95
1416,1906247,34,17,10,6,3652,10,A95
1417,1906247,34,6,10,6,3652,10,A95
1418,1906247,34,12,10,6,3652,10,A95
1419,364635,31,38,10,6,3652,10,A95
1420,287840,36,28,25,1,9131,25,A95
1421,543700,21,25,5,4,1827,6,A95
1422,543700,21,22,5,4,1826,5,A95
1423,1267664,35,9,5,5,3652,10,A95
1424,973820,31,21,10,6,3653,11,A95
1425,388261,36,11,5,5,1826,5,A95
1426,388261,36,16,5,5,3652,10,A95
1427,440179,31,37,5,6,1827,6,A95
1428,1697805,26,27,10,6,3653,11,A95
1429,282591,31,40,10,6,3653,11,A95
1430,460267,34,39,15,1,5478,15,A95
1431,29720,11,30,10,6,3652,10,A95
1432,305912,24,24,5,6,1827,6,A95
1433,670641,31,23,20,6,7305,21,A95
1434,1040767,24,40,5,4,1826,5,A95
1435,605003,11,31,10,6,3653,11,A95
1436,1376503,11,34,28,1,10227,29,A95
1437,802106,37,21,10,6,3652,10,A95
1438,802106,37,8,10,6,3652,10,A95
1439,942907,37,18,10,6,3653,11,A95
1440,911820,11,45,10,6,3653,11,A95
1441,504975,11,30,10,6,3652,10,A95
1442,1393681,38,43,10,6,3653,11,A95
1443,29059,31,18,20,1,19724,55,A95
1444,1051067,11,17,5,1,3652,10,A95
1445,1755721,36,30,10,3,3652,10,A95
1446,37411,21,10,5,1,3653,11,A95
1447,37411,21,7,5,1,1826,5,A95
1448,1334271,11,19,10,6,18993,53,A95
1449,8980,21,61,15,4,5479,16,A95
1450,1073291,11,29,10,6,3653,11,A95
1451,137546,11,41,10,1,3653,11,A95
1452,1197674,26,38,10,6,3652,10,A95
1453,1794270,38,36,5,6,1826,5,A95
1454,1794270,38,36,5,6,1826,5,A95
1455,991952,21,25,5,3,1826,5,A95
1456,970588,32,11,5,1,3652,10,A95
1457,738010,11,27,10,6,3653,11,A95
1458,335553,38,43,5,6,1827,6,A95
1459,335553,38,56,5,6,1826,5,A95
1460,924638,21,57,10,1,21550,60,A95
1461,28105,22,27,10,6,3653,11,A95
1462,28105,22,34,10,3,3652,10,A95
1463,1430146,11,23,20,6,7305,21,A95
1464,5001,33,42,10,6,3653,11,A95
1465,1371212,34,31,10,6,3652,10,A95
1466,1032060,23,24,10,6,3653,11,A95
1467,510360,23,43,10,6,3653,11,A95
1468,1477401,37,19,10,6,3652,10,A95
1469,1769517,36,44,10,6,3652,10,A95
1470,1653409,21,46,10,6,3653,11,A95
1471,1161987,21,48,10,6,3653,11,A95
1472,1074721,11,29,10,6,3653,11,A95
1473,852004,38,85,10,1,3652,10,A95
1474,1447884,31,56,5,3,1826,5,A95
1475,1447884,31,40,5,3,1827,6,A95
1476,1791543,31,32,10,2,3653,11,A95
1477,1791543,31,17,10,1,3653,11,A95
1478,1624747,22,24,10,6,3653,11,A95
1479,579654,11,26,10,6,3653,11,A95
1480,107289,31,7,5,1,1826,5,A95
1481,107289,31,11,5,1,3652,10,A95
1482,961465,21,25,10,6,3653,11,A95
1483,194780,31,62,10,3,3653,11,A95
1484,194780,31,46,10,1,3652,10,A95
1485,42589,24,49,10,3,3652,10,A95
1486,1663656,21,36,5,3,1826,5,A95
1487,1663656,21,27,5,3,1826,5,A95
1488,248970,23,28,10,3,3653,11,A95
1489,111269,26,66,10,3,3652,10,A95
1490,424226,21,62,15,1,5479,16,A95
1491,849102,22,44,10,1,3652,10,A95
1492,1297075,22,32,5,3,1827,6,A95
1493,1297075,22,24,5,3,1826,5,A95
1494,808891,11,19,10,6,3653,11,A95
1495,238881,23,36,5,6,1827,6,A95
1496,238881,23,37,5,6,1826,5,A95
1497,445238,32,36,5,3,1827,6,A95
1498,1685187,31,15,5,4,1826,5,A95
1499,1685187,31,15,5,4,1827,6,A95
1500,1304249,33,43,10,6,3653,11,A95
1501,808895,32,24,10,6,3652,10,A95
1502,1521466,31,23,5,4,1826,5,A95
1503,1521466,31,23,5,4,1827,6,A95
1504,1521466,31,25,5,4,1827,6,A95
1505,1521466,31,25,5,4,1826,5,A95
1506,766092,32,34,20,1,15706,44,A95
1507,1826250,31,56,10,6,3652,10,A95
1508,1357914,21,29,20,1,7305,21,A95
1509,716314,25,37,10,6,3653,11,A95
1510,1648159,22,23,5,5,1826,5,A95
1511,1348021,36,55,10,3,3652,10,A95
1512,565133,31,31,15,4,5479,16,A95
1513,1868619,31,29,10,6,3652,10,A95
1514,223597,31,33,5,6,1826,5,A95
1515,223597,31,25,5,6,1827,6,A95
1516,223597,31,11,5,6,1827,6,A95
1517,152124,11,35,5,6,1826,5,A95
1518,152124,11,45,5,6,1827,6,A95
1519,1397479,11,21,10,6,3652,10,A95
1520,1397479,11,19,10,6,3652,10,A95
1521,738133,22,29,5,6,1826,5,A95
1522,738133,22,38,5,6,1826,5,A95
1523,738133,22,29,5,6,1826,5,A95
1524,1811201,11,12,10,7,3653,11,A95
1525,1268109,33,38,15,6,5479,16,A95
1526,1268109,33,45,5,6,15341,43,A95
1527,1268109,33,36,10,6,3653,11,A95
1528,1568669,26,24,10,6,3653,11,A95
1529,1071023,31,31,10,6,3652,10,A95
1530,678375,31,35,20,1,7305,21,A95
1531,1464839,36,14,5,1,3652,10,A95
1532,13681,31,68,20,4,10227,29,A95
1533,1245104,31,31,10,6,3652,10,A95
1534,1912629,11,34,20,1,11323,32,A95
1535,1346257,35,49,5,6,1827,6,A95
1536,1609330,39,32,10,3,3652,10,A95
1537,1709732,31,93,15,1,5479,16,A95
1538,1709732,31,59,10,6,3653,11,A95
1539,553089,31,42,10,3,3652,10,A95
1540,322549,35,31,10,6,18262,50,A95
1541,1306021,36,53,10,1,3653,11,A95
1542,1605821,24,30,10,6,3652,10,A95
1543,1605821,24,13,10,6,3652,10,A95
1544,910438,38,15,10,6,3653,11,A95
1545,910438,38,14,10,6,3653,11,A95
1546,910438,38,16,10,6,3653,11,A95
1547,313095,11,20,5,6,1826,5,A95
1548,313095,11,20,5,6,1826,5,A95
1549,1330725,11,30,10,3,3653,11,A95
1550,365696,11,12,5,1,1826,5,A95
1551,365696,11,21,5,1,3653,11,A95
1552,1080871,23,12,5,5,3652,10,A95
1553,873348,31,37,10,3,3652,10,A95
1554,869446,11,30,10,3,3653,11,A95
1555,470692,31,40,10,3,3652,10,A95
1556,1506821,21,44,5,6,1826,5,A95
1557,402957,31,47,20,1,17898,50,A95
1558,10038,21,75,10,1,3653,11,A95
1559,1004160,11,27,10,3,3652,10,A95
1560,621606,21,81,5,6,1826,5,A95
1561,1854843,34,44,5,1,1826,5,A95
1562,873160,21,26,5,6,1827,6,A95
1563,873160,21,26,5,6,1827,6,A95
1564,520257,34,30,5,6,1826,5,A95
1565,520257,34,30,5,6,1826,5,A95
1566,794339,22,21,10,6,3652,10,A95
1567,29680,23,26,5,6,1826,5,A95
1568,29680,23,35,5,6,1826,5,A95
1569,1808237,22,25,10,6,3653,11,A95
1570,1315379,21,57,10,1,3653,11,A95
1571,964284,11,40,10,1,3653,11,A95
1572,1157776,11,31,10,6,3653,11,A95
1573,1149584,31,24,10,6,3653,11,A95
1574,1127500,31,29,10,6,3653,11,A95
1575,639174,31,41,10,6,3653,11,A95
1576,686349,38,42,15,1,5479,16,A95
1577,1904891,11,31,10,6,3652,10,A95
1578,1735011,11,30,10,6,3653,11,A95
1579,1927598,31,52,10,6,3653,11,A95
1580,423911,34,33,10,3,3652,10,A95
1581,338751,11,29,5,6,1826,5,A95
1582,338751,11,29,5,6,1826,5,A95
1583,237712,34,47,10,6,3652,10,A95
1584,370374,31,22,20,6,7305,21,A95
1585,1357316,23,54,10,1,3653,11,A95
1586,1246272,11,27,10,3,3652,10,A95
1587,958037,31,66,5,6,1826,5,A95
1588,812193,11,30,5,6,1826,5,A95
1589,812193,11,35,5,6,1827,6,A95
1590,1517356,37,50,15,6,5479,16,A95
1591,861863,31,32,10,3,3653,11,A95
1592,984496,38,51,10,3,3653,11,A95
1593,790900,34,36,10,1,4749,14,A95
1594,790900,34,46,10,1,4749,14,A95
1595,1430179,22,16,5,1,3652,10,A95
1596,1241777,31,24,5,6,1827,6,A95
1597,1241777,31,24,5,6,1826,5,A95
1598,1241777,31,28,5,6,1826,5,A95
1599,250838,38,24,10,3,3652,10,A95
1600,1218197,31,41,10,3,3652,10,A95
1601,541670,25,28,5,5,3652,10,A95
1602,1864910,37,25,20,1,7305,21,A95
1603,1864910,37,27,10,6,3653,11,A95
1604,1792127,11,75,25,1,21915,61,A95
1605,695421,35,41,5,6,1826,5,A95
1606,147055,31,13,15,1,5479,16,A95
1607,147055,31,11,15,1,5479,16,A95
1608,803272,26,10,10,6,3653,11,A95
1609,1860692,31,27,5,5,1827,6,A95
1610,591568,31,26,10,6,3652,10,A95
1611,1282086,11,38,10,6,3652,10,A95
1612,443282,38,28,10,1,3653,11,A95
1613,1416136,21,18,10,6,3653,11,A95
1614,1416136,21,12,10,6,3653,11,A95
1615,948728,33,9,5,1,3652,10,A95
1616,1437672,21,54,5,6,1826,5,A95
1617,352185,31,53,5,6,1827,6,A95
1618,352185,31,45,5,6,1826,5,A95
1619,352185,31,19,10,6,3652,10,A95
1620,352185,31,16,10,6,3652,10,A95
1621,352185,31,18,10,6,3652,10,A95
1622,352185,31,17,10,6,3652,10,A95
1623,1693166,31,41,10,6,3653,11,A95
1624,181704,33,45,5,6,1826,5,A95
1625,181704,33,20,10,6,3652,10,A95
1626,1529705,24,33,20,1,24106,66,A95
1627,1364142,35,13,10,6,3653,11,A95
1628,1364142,35,23,10,6,3653,11,A95
1629,1811792,11,33,20,1,13149,37,A95
1630,291912,23,49,10,1,3653,11,A95
1631,485483,38,48,10,1,3652,10,A95
1632,898865,32,27,10,6,3652,10,A95
1633,860085,34,33,10,6,3653,11,A95
1634,1629462,33,28,10,6,19724,55,A95
1635,1173954,34,37,5,6,1826,5,A95
1636,1944144,31,27,10,6,3653,11,A95
1637,1944144,31,27,10,6,3652,10,A95
1638,108285,11,20,10,6,3652,10,A95
1639,108285,11,22,10,6,3652,10,A95
1640,108285,11,36,10,6,3653,11,A95
1641,697665,39,63,10,2,3653,11,A95
1642,461109,38,15,5,1,1826,5,A95
1643,461109,38,14,5,1,1827,6,A95
1644,1824999,24,25,5,6,1827,6,A95
1645,1824999,24,20,5,6,1826,5,A95
1646,1627595,22,32,10,6,3653,11,A95
1647,1627595,21,31,20,3,12784,36,A95
1648,1627595,21,27,20,3,12784,36,A95
1649,546533,33,29,15,6,5479,16,A95
1650,295817,11,49,10,6,3653,11,A95
1651,295817,11,29,5,6,1826,5,A95
1652,295817,11,38,5,6,1826,5,A95
1653,295817,11,29,10,6,3653,11,A95
1654,295817,11,21,10,6,3653,11,A95
1655,1788778,36,30,10,3,3653,11,A95
1656,662677,25,36,10,3,3652,10,A95
1657,371203,36,22,5,6,1826,5,A95
1658,371203,36,22,5,6,1826,5,A95
1659,78140,22,31,10,6,18628,52,A95
1660,1319074,23,41,10,1,3653,11,A95
1661,1081507,38,17,5,1,1826,5,A95
1662,351522,22,30,15,6,5479,16,A95
1663,201057,11,4,10,6,3653,11,A95
1664,201057,11,44,10,6,3653,11,A95
1665,908752,11,25,10,6,3653,11,A95
1666,908752,11,11,10,6,3653,11,A95
1667,908752,11,28,5,6,1826,5,A95
1668,908752,11,32,5,6,1827,6,A95
1669,1499620,31,42,5,3,1826,5,A95
1670,1711664,34,21,5,1,1826,5,A95
1671,754156,31,15,5,6,1827,6,A95
1672,754156,31,14,5,6,1826,5,A95
1673,100352,35,20,5,6,1826,5,A95
1674,100352,35,23,5,6,1827,6,A95
1675,1616962,31,33,5,3,1827,6,A95
1676,1616962,31,35,5,3,1826,5,A95
1677,1338096,38,73,5,3,1827,6,A95
1678,1875922,32,26,10,6,3653,11,A95
1679,459561,22,20,10,6,3652,10,A95
1680,459561,21,11,5,1,3652,10,A95
1681,1257468,31,55,5,6,1827,6,A95
1682,749329,31,36,10,2,20454,57,A95
1683,1916538,31,26,10,6,3653,11,A95
1684,1952834,33,38,10,6,3653,11,A95
1685,1598087,31,9,10,6,3652,10,A95
1686,1598087,31,24,10,6,3652,10,A95
1687,700051,35,38,5,3,1827,6,A95
1688,414682,21,46,15,6,5479,16,A95
1689,716532,39,35,10,1,3652,10,A95
1690,1527710,35,17,5,4,1827,6,A95
1691,1911102,23,24,10,6,3652,10,A95
1692,1311642,26,22,10,6,3652,10,A95
1693,1760719,11,37,5,6,1826,5,A95
1694,1760719,11,28,5,6,1826,5,A95
1695,1073707,11,28,5,6,1827,6,A95
1696,1672781,36,46,10,6,3653,11,A95
1697,1786380,11,12,5,1,3652,10,A95
1698,1786380,11,8,5,1,1826,5,A95
1699,759822,26,15,5,1,1826,5,A95
1700,1345525,11,28,20,6,7305,21,A95
1701,161693,22,60,15,3,5479,16,A95
1702,161693,22,64,15,3,5479,16,A95
1703,734226,25,20,5,5,3652,10,A95
1704,1605554,34,24,10,6,3653,11,A95
1705,760918,26,9,5,1,3652,10,A95
1706,760918,26,7,5,1,1826,5,A95
1707,1106724,38,22,10,3,3653,11,A95
1708,1168366,33,63,15,1,5479,16,A95
1709,1279971,38,38,5,1,1826,5,A95
1710,1279971,38,54,5,1,1827,6,A95
1711,348769,11,41,10,1,3653,11,A95
1712,960720,31,33,5,5,3652,10,A95
1713,1514929,34,34,10,6,3653,11,A95
1714,1873001,38,14,5,4,1826,5,A95
1715,1795193,31,23,5,6,1826,5,A95
1716,1710433,25,28,5,6,1826,5,A95
1717,1710433,25,30,5,6,1827,6,A95
1718,1649776,11,26,10,6,3652,10,A95
1719,1649776,21,7,10,6,3653,11,A95
1720,520401,31,66,15,1,5479,16,A95
1721,656267,31,49,10,1,3652,10,A95
1722,1943974,23,16,5,6,1827,6,A95
1723,1943974,23,43,5,6,1827,6,A95
1724,696996,31,24,5,1,1827,6,A95
1725,324109,21,22,5,6,1826,5,A95
1726,324109,21,24,5,6,1826,5,A95
1727,324109,21,80,5,1,1826,5,A95
1728,582197,36,51,5,6,1826,5,A95
1729,730262,22,9,10,6,3653,11,A95
1730,730262,22,6,10,6,3653,11,A95
1731,730262,22,18,10,6,3652,10,A95
1732,755060,11,39,10,6,3653,11,A95
1733,1871978,11,50,10,1,3653,11,A95
1734,509983,31,20,5,6,1826,5,A95
1735,509983,31,27,5,6,1827,6,A95
1736,798924,34,56,10,3,3652,10,A95
1737,26797,31,28,10,6,3653,11,A95
1738,1137991,23,30,10,1,3653,11,A95
1739,1311791,11,21,10,6,3653,11,A95
1740,1919049,31,61,15,6,5479,16,A95
1741,1227409,34,39,10,6,3653,11,A95
1742,1178391,22,15,5,1,1826,5,A95
1743,1178391,22,25,5,1,3653,11,A95
1744,1490152,36,40,10,6,3652,10,A95
1745,99945,31,35,10,6,3652,10,A95
1746,99945,31,36,10,6,3652,10,A95
1747,334093,11,31,10,6,3652,10,A95
1748,1758319,36,18,5,4,1826,5,A95
1749,1132808,11,52,5,3,1827,6,A95
1750,1132808,11,39,5,3,1826,5,A95
1751,589461,31,30,10,3,3652,10,A95
1752,23410,11,41,10,6,3653,11,A95
1753,1933852,11,6,10,6,3652,10,A95
1754,441195,22,22,10,6,3652,10,A95
1755,441195,22,15,10,6,3652,10,A95
1756,441195,22,6,10,6,3652,10,A95
1757,245788,31,23,10,6,3652,10,A95
1758,1542210,33,41,5,3,1827,6,A95
1759,1625677,22,29,5,6,1826,5,A95
1760,1625677,22,13,5,1,3652,10,A95
1761,1328664,22,44,5,6,1826,5,A95
1762,583908,31,22,5,6,1826,5,A95
1763,583908,31,22,5,6,1826,5,A95
1764,767753,37,44,5,6,1827,6,A95
1765,767753,37,31,5,6,1826,5,A95
1766,347143,26,28,10,3,3652,10,A95
1767,1673169,31,51,10,1,3653,11,A95
1768,298547,11,11,10,6,3652,10,A95
1769,298547,11,18,10,6,3652,10,A95
1770,298547,11,17,10,6,3652,10,A95
1771,522427,22,45,10,1,3653,11,A95
1772,1092512,21,50,5,6,1827,6,A95
1773,773473,23,12,5,6,1827,6,A95
1774,773473,23,35,5,6,1826,5,A95
1775,773473,23,47,5,6,1826,5,A95
1776,653997,31,42,5,1,1826,5,A95
1777,690067,32,45,5,3,1826,5,A95
1778,1120298,23,10,3,6,1096,4,A95
1779,1120298,23,10,3,6,1096,4,A95
1780,1120298,23,9,10,6,3652,10,A95
1781,1120298,23,10,10,6,3652,10,A95
1782,1161016,11,29,5,6,1826,5,A95
1783,1161016,11,29,5,6,1826,5,A95
1784,1006709,31,35,10,6,3652,10,A95
1785,439659,23,35,5,6,1827,6,A95
1786,439659,23,29,5,6,1826,5,A95
1787,439659,23,7,5,6,1827,6,A95
1788,1422488,11,38,10,6,3653,11,A95
1789,649610,31,29,10,6,3652,10,A95
1790,416304,23,37,25,1,9131,25,A95
1791,435096,31,36,20,1,23741,66,A95
1792,824607,31,22,10,6,3653,11,A95
1793,937471,35,41,5,3,1827,6,A95
1794,937471,35,33,5,3,1826,5,A95
1795,347819,11,9,10,6,3652,10,A95
1796,1486418,31,28,10,3,3653,11,A95
1797,360624,23,23,10,6,3652,10,A95
1798,1198780,11,44,10,3,3652,10,A95
1799,1190316,22,24,10,6,3652,10,A95
1800,1653930,34,33,5,4,1827,6,A95
1801,1653930,34,23,5,4,1826,5,A95
1802,1319092,23,42,10,6,3653,11,A95
1803,778921,36,27,10,6,3653,11,A95
1804,630394,11,27,10,3,3653,11,A95
1805,822137,26,8,5,1,1826,5,A95
1806,822137,26,18,10,6,3652,10,A95
1807,1051822,26,20,10,6,3653,11,A95
1808,1051822,26,24,10,6,3652,10,A95
1809,1051822,26,33,10,6,3652,10,A95
1810,1051822,26,34,10,6,3652,10,A95
1811,1707098,34,28,5,3,1826,5,A95
1812,362858,11,35,10,6,3653,11,A95
1813,1651071,23,27,10,6,3653,11,A95
1814,694778,22,23,24,1,8766,25,A95
1815,736453,32,64,10,1,3653,11,A95
1816,1419885,31,41,20,4,12053,33,A95
1817,1247148,11,37,5,3,1826,5,A95
1818,329297,11,30,10,6,3653,11,A95
1819,1945250,31,11,10,6,3652,10,A95
1820,1801757,33,38,20,6,7305,21,A95
1821,1179926,11,29,5,6,1827,6,A95
1822,804168,11,31,22,1,8035,22,A95
1823,1055631,33,41,10,6,3653,11,A95
1824,1201323,36,31,10,3,3652,10,A95
1825,914854,31,30,10,6,3653,11,A95
1826,1743735,36,27,10,6,3652,10,A95
1827,1101345,11,47,15,6,5479,16,A95
1828,1697635,11,30,10,6,3652,10,A95
1829,1274923,37,22,5,6,1826,5,A95
1830,980467,11,20,10,6,3652,10,A95
1831,980467,11,17,10,6,3652,10,A95
1832,980467,11,18,10,6,3652,10,A95
1833,980467,11,31,10,6,3652,10,A95
1834,951507,31,64,15,6,5478,15,A95
1835,143934,11,31,10,99,17167,48,A95
1836,33800,35,110,10,1,3653,11,A95
1837,85802,38,24,10,3,3652,10,A95
1838,1948408,26,54,5,6,1826,5,A95
1839,731058,31,17,5,5,3652,10,A95
1840,1580705,31,30,10,6,3652,10,A95
1841,1580705,31,12,10,6,3653,11,A95
1842,1423692,31,46,20,3,13149,37,A95
1843,1423692,31,47,20,3,13149,37,A95
1844,670551,23,31,10,6,3653,11,A95
1845,1121259,38,34,10,6,3652,10,A95
1846,1121259,38,39,5,6,1827,6,A95
1847,1121259,38,47,5,6,1826,5,A95
1848,218657,36,33,10,6,3653,11,A95
1849,958371,31,22,40,1,14610,41,A95
1850,228364,39,15,5,1,3652,10,A95
1851,1394184,25,12,5,6,1827,6,A95
1852,1394184,25,12,5,6,1826,5,A95
1853,256433,38,20,5,4,1827,6,A95
1854,782403,11,37,10,6,3653,11,A95
1855,752277,11,8,5,1,1826,5,A95
1856,752277,11,11,5,1,1826,5,A95
1857,752277,11,16,5,1,3653,11,A95
1858,752277,11,12,5,1,3653,11,A95
1859,1274561,31,21,15,1,5479,16,A95
1860,1285137,22,23,5,5,1826,5,A95
1861,1148213,31,15,10,6,3653,11,A95
1862,1459667,23,20,10,6,3652,10,A95
1863,911128,35,33,10,6,3652,10,A95
1864,911128,35,79,15,1,5479,16,A95
1865,63657,31,37,10,1,3653,11,A95
1866,782563,31,28,10,6,3653,11,A95
1867,39673,31,49,10,6,3652,10,A95
1868,1799958,22,38,5,6,1826,5,A95
1869,1799958,22,38,5,6,1826,5,A95
1870,223929,34,17,5,1,3652,10,A95
1871,1033718,22,20,10,6,3652,10,A95
1872,1033718,22,19,10,6,3652,10,A95
1873,70914,33,45,10,6,3653,11,A95
1874,1775575,38,28,5,6,1826,5,A95
1875,1550016,31,39,10,4,6940,20,A95
1876,180245,31,88,10,6,3653,11,A95
1877,1266751,21,32,5,1,1827,6,A95
1878,1873822,24,39,10,6,3652,10,A95
1879,1419832,11,16,10,6,3653,11,A95
1880,1617826,11,28,10,99,3653,11,A95
1881,1617826,11,28,10,1,3653,11,A95
1882,565321,31,30,5,4,1826,5,A95
1883,565321,31,38,5,4,1827,6,A95
1884,10023,21,32,10,3,3652,10,A95
1885,609884,21,13,5,6,1827,6,A95
1886,609884,21,56,5,6,1826,5,A95
1887,609884,21,48,5,6,1826,5,A95
1888,239396,11,36,5,6,1826,5,A95
1889,1340728,11,52,10,1,3652,10,A95
1890,603677,31,25,5,3,1826,5,A95
1891,603677,31,25,5,3,1826,5,A95
1892,1937164,22,40,10,6,3652,10,A95
1893,979381,38,27,10,1,3653,11,A95
1894,833876,23,72,5,3,1826,5,A95
1895,546824,31,29,10,6,3653,11,A95
1896,18519,34,17,5,5,1827,6,A95
1897,1714696,23,10,5,5,3652,10,A95
1898,1498891,35,44,5,6,1827,6,A95
1899,1498891,35,37,5,6,1826,5,A95
1900,257748,36,44,5,6,1827,6,A95
1901,257748,36,31,5,6,1826,5,A95
1902,1429568,21,29,10,6,3653,11,A95
1903,1429568,21,29,5,3,1826,5,A95
1904,1633706,11,34,5,3,1827,6,A95
1905,1110839,23,43,10,1,3652,10,A95
1906,1877435,31,39,10,6,3653,11,A95
1907,1877435,31,23,10,6,3653,11,A95
1908,1174187,21,63,15,1,5479,16,A95
1909,778896,31,59,10,1,3653,11,A95
1910,1624052,11,33,10,3,3652,10,A95
1911,344811,24,15,10,6,3652,10,A95
1912,1273987,31,15,5,4,1827,6,A95
1913,1273987,31,14,5,4,1826,5,A95
1914,169088,25,39,10,6,3652,10,A95
1915,1085850,31,35,20,1,26298,73,A95
1916,1072604,31,29,10,6,3653,11,A95
1917,1882042,23,17,5,5,3652,10,A95
1918,1131261,37,28,10,6,3652,10,A95
1919,1514989,31,39,10,6,3653,11,A95
1920,1514989,31,17,10,6,3653,11,A95
1921,1514989,31,28,10,6,3652,10,A95
1922,1488607,34,30,5,6,1827,6,A95
1923,1488607,34,35,5,6,1826,5,A95
1924,1382346,11,66,10,1,3653,11,A95
1925,385358,38,31,10,99,20819,58,A95
1926,152256,33,27,10,3,3652,10,A95
1927,1444691,37,39,20,4,7305,21,A95
1928,648536,11,32,10,6,3653,11,A95
1929,835078,38,24,15,1,5479,16,A95
1930,227998,31,33,15,1,5479,16,A95
1931,1421065,31,27,10,6,3652,10,A95
1932,677995,11,58,5,6,1827,6,A95
1933,677995,11,41,5,6,1826,5,A95
1934,103396,21,20,10,1,3653,11,A95
1935,1090138,31,18,10,6,3652,10,A95
1936,492781,35,11,5,1,3653,11,A95
1937,492781,35,8,5,1,1826,5,A95
1938,1873048,31,40,10,6,3653,11,A95
1939,1357113,34,21,5,1,3652,10,A95
1940,862046,31,39,10,6,3652,10,A95
1941,1922674,11,20,30,1,10958,31,A95
1942,820738,31,30,5,3,1826,5,A95
1943,1511085,23,29,10,3,3652,10,A95
1944,1511085,23,24,10,3,3652,10,A95
1945,1402973,31,47,20,3,21550,60,A95
1946,146944,37,22,10,4,3653,11,A95
1947,417913,31,45,10,6,3653,11,A95
1948,1781714,23,27,10,1,13149,37,A95
1949,1073905,23,30,10,6,3653,11,A95
1950,11217,31,39,5,3,1827,6,A95
1951,1316769,31,38,5,3,1826,5,A95
1952,1332973,31,27,10,1,3653,11,A95
1953,541778,31,34,10,2,18993,53,A95
1954,78036,21,72,5,6,1826,5,A95
1955,78036,21,63,5,6,1827,6,A95
1956,926356,22,47,10,1,3653,11,A95
1957,549644,31,30,10,6,3653,11,A95
1958,91917,33,57,10,6,3653,11,A95
1959,1026838,11,22,10,3,3652,10,A95
1960,690064,31,31,10,6,3653,11,A95
1961,250336,34,45,15,1,5479,16,A95
1962,1139075,38,66,10,2,12784,36,A95
1963,1629227,38,27,5,4,1827,6,A95
1964,766014,31,30,10,6,3653,11,A95
1965,1735627,31,56,15,6,5479,16,A95
1966,1585820,34,31,10,6,3652,10,A95
1967,1585820,34,17,5,6,1826,5,A95
1968,1349717,31,28,15,6,5479,16,A95
1969,1049796,31,18,5,6,1827,6,A95
1970,472094,25,24,10,6,3653,11,A95
1971,560789,33,22,10,6,19359,54,A95
1972,560789,33,26,10,6,3653,11,A95
1973,546460,33,32,5,6,1826,5,A95
1974,546460,33,33,5,6,1827,6,A95
1975,572333,11,27,10,6,3653,11,A95
1976,572333,11,10,10,6,3653,11,A95
1977,1761066,11,44,10,1,3653,11,A95
1978,132012,31,34,15,6,5479,16,A95
1979,1059083,22,41,10,6,3652,10,A95
1980,337182,21,5,10,6,3652,10,A95
1981,337182,21,10,10,6,3652,10,A95
1982,726497,11,34,10,6,3653,11,A95
1983,1078301,21,11,5,5,3652,10,A95
1984,1505664,36,9,10,6,3652,10,A95
1985,1505664,36,27,10,6,3653,11,A95
1986,707856,33,18,5,6,1827,6,A95
1987,707856,33,23,10,6,3652,10,A95
1988,707856,33,40,10,6,3653,11,A95
1989,707856,33,13,5,6,1826,5,A95
1990,707856,33,13,5,6,1827,6,A95
1991,377338,23,43,10,6,3653,11,A95
1992,1531011,32,23,5,4,1826,5,A95
1993,1079396,38,28,5,3,1826,5,A95
1994,1079396,38,28,5,3,1826,5,A95
1995,1079396,38,28,5,3,1826,5,A95
1996,1079396,38,28,5,3,1826,5,A95
1997,645949,34,63,5,6,1827,6,A95
1998,383838,22,27,5,6,1827,6,A95
1999,1101960,31,33,10,6,3653,11,A95
2000,671453,11,19,10,6,3653,11,A95
2001,671453,11,27,10,6,3653,11,A95
2002,1402563,11,35,5,4,1826,5,A95
2003,1402563,11,45,5,4,1827,6,A95
2004,1060301,31,82,5,4,1827,6,A95
2005,1889966,34,18,10,6,3653,11,A95
2006,1301606,33,53,10,2,3653,11,A95
2007,744594,31,14,5,4,1826,5,A95
2008,744594,31,14,5,4,1827,6,A95
2009,1160473,31,39,10,6,3653,11,A95
2010,1557237,23,20,10,6,3653,11,A95
2011,3785,11,12,10,6,3652,10,A95
2012,3785,11,39,10,6,3653,11,A95
2013,706789,23,30,5,3,1827,6,A95
2014,706789,23,20,10,6,3652,10,A95
2015,70386,25,86,10,6,3652,10,A95
2016,1292440,24,35,10,6,3653,11,A95
2017,1292440,24,18,10,6,3652,10,A95
2018,1537522,38,26,10,6,3652,10,A95
2019,1537522,38,7,10,6,3653,11,A95
2020,595138,21,52,10,1,3653,11,A95
2021,336978,24,47,10,6,3653,11,A95
2022,1916796,31,55,5,1,1826,5,A95
2023,1808155,21,38,5,6,1827,6,A95
2024,1780758,31,33,5,6,1826,5,A95
2025,1145042,21,13,5,1,1826,5,A95
2026,925578,31,10,5,6,1826,5,A95
2027,114260,23,26,10,6,3653,11,A95
2028,1850965,22,9,10,6,3653,11,A95
2029,1850965,22,3,10,6,3653,11,A95
2030,1850965,22,29,10,6,3653,11,A95
2031,109626,23,17,5,6,1826,5,A95
2032,646437,21,36,10,6,3653,11,A95
2033,672539,25,53,5,6,1826,5,A95
2034,672539,25,53,5,6,1826,5,A95
2035,1067054,33,22,5,5,1826,5,A95
2036,818007,37,42,10,6,3652,10,A95
2037,1055490,11,35,10,3,3652,10,A95
2038,18731,31,25,5,6,1826,5,A95
2039,100682,36,27,10,6,3652,10,A95
2040,46259,21,24,15,6,5479,16,A95
2041,1224150,21,8,5,1,1826,5,A95
2042,1224150,21,12,5,1,3652,10,A95
2043,281841,35,27,10,6,3653,11,A95
2044,305024,39,45,15,1,5479,16,A95
2045,1156325,32,24,10,6,3652,10,A95
2046,1156325,32,23,10,6,3652,10,A95
2047,1156325,32,30,10,6,3653,11,A95
2048,1275468,38,9,5,1,1826,5,A95
2049,1275468,38,11,5,1,1826,5,A95
2050,1186446,34,33,10,6,3652,10,A95
2051,1038266,25,47,5,3,1827,6,A95
2052,1038266,25,36,5,3,1826,5,A95
2053,1835740,31,28,20,1,12053,33,A95
2054,31762,38,24,10,6,3652,10,A95
2055,31762,38,42,10,6,3653,11,A95
2056,1948674,31,22,5,6,1826,5,A95
2057,1948674,31,24,5,6,1826,5,A95
2058,1470344,31,42,10,6,16436,46,A95
2059,606125,38,22,10,6,3653,11,A95
2060,44164,33,23,10,3,3653,11,A95
2061,686438,24,26,5,6,1826,5,A95
2062,686438,24,16,5,6,1826,5,A95
2063,28696,36,40,5,6,1826,5,A95
2064,592361,35,17,10,4,3653,11,A95
2065,189244,11,10,10,6,3653,11,A95
2066,189244,11,7,10,6,3653,11,A95
2067,189244,11,15,10,6,3653,11,A95
2068,189244,11,16,10,6,3652,10,A95
2069,1568738,32,31,10,6,3653,11,A95
2070,428129,11,41,10,6,3653,11,A95
2071,512679,21,15,10,6,3652,10,A95
2072,606654,31,24,10,6,3653,11,A95
2073,606654,31,14,10,6,3653,11,A95
2074,663300,38,52,10,3,3652,10,A95
2075,1069003,38,19,5,4,1826,5,A95
2076,362404,34,32,10,3,3653,11,A95
2077,1251627,32,46,10,6,3652,10,A95
2078,1607036,25,38,5,3,1827,6,A95
2079,889618,33,15,5,5,1826,5,A95
2080,1370558,31,28,10,3,3653,11,A95
2081,1889732,26,42,5,1,12054,34,A95
2082,990389,38,27,10,6,3653,11,A95
2083,1131785,38,19,10,6,3653,11,A95
2084,1131785,38,25,10,6,3653,11,A95
2085,1131785,21,9,5,5,1826,5,A95
2086,1131785,21,15,5,5,3652,10,A95
2087,764971,11,38,10,6,3653,11,A95
2088,1044501,33,14,5,1,3652,10,A95
2089,1040148,32,39,10,1,14976,42,A95
2090,1040148,32,65,10,1,15341,43,A95
2091,1040148,32,46,10,1,15341,43,A95
2092,299287,31,41,10,6,3652,10,A95
2093,1513583,37,29,15,1,5478,15,A95
2094,1086999,21,32,10,6,3653,11,A95
2095,1187313,11,31,5,3,1826,5,A95
2096,1465557,11,44,10,6,3652,10,A95
2097,1465557,11,43,10,6,3652,10,A95
2098,1015623,37,45,5,4,1826,5,A95
2099,1015623,37,62,5,4,1827,6,A95
2100,1913082,31,22,5,3,1826,5,A95
2101,1913082,31,26,5,3,1827,6,A95
2102,1408858,35,53,5,3,1826,5,A95
2103,745201,22,26,10,6,3652,10,A95
2104,1857039,31,28,5,4,1826,5,A95
2105,1857039,31,39,5,4,1827,6,A95
2106,619965,31,29,10,6,3652,10,A95
2107,394618,37,53,10,1,3653,11,A95
2108,640276,31,44,10,6,3653,11,A95
2109,1233084,21,36,10,1,18627,51,A95
2110,1233084,21,31,5,3,1826,5,A95
2111,433303,35,29,10,6,3652,10,A95
2112,433303,35,15,10,6,3652,10,A95
2113,1915787,31,56,5,3,1827,6,A95
2114,640253,11,23,10,6,3652,10,A95
2115,1770037,23,57,5,6,1826,5,A95
2116,1770037,23,57,5,6,1826,5,A95
2117,1452929,25,57,10,6,3653,11,A95
2118,443930,33,51,10,1,3653,11,A95
2119,1054040,36,57,5,6,1827,6,A95
2120,1054040,36,46,5,6,1826,5,A95
2121,1203035,11,34,10,2,3653,11,A95
2122,775649,34,40,10,6,3653,11,A95
2123,1489573,33,34,10,6,3653,11,A95
2124,1202444,32,64,10,1,3653,11,A95
2125,900927,38,31,10,1,3652,10,A95
2126,196519,31,25,5,6,1826,5,A95
2127,1024788,31,18,10,6,3653,11,A95
2128,870012,34,22,10,3,3653,11,A95
2129,1263069,23,24,15,6,5479,16,A95
2130,865771,31,38,5,6,1826,5,A95
2131,1632244,38,48,14,1,5113,14,A95
2132,1530247,38,24,5,6,1826,5,A95
2133,1530247,38,24,5,6,1826,5,A95
2134,1530247,38,14,10,6,1826,5,A95
2135,1530247,38,14,10,6,1826,5,A95
2136,878235,38,19,5,1,1826,5,A95
2137,187707,22,14,5,5,1826,5,A95
2138,187707,22,27,5,5,3653,11,A95
2139,55373,34,28,5,1,1826,5,A95
2140,344202,35,28,10,6,20089,56,A95
2141,344202,35,28,10,6,3652,10,A95
2142,380857,33,14,10,6,3653,11,A95
2143,380857,33,35,10,6,3652,10,A95
2144,1671707,25,32,10,1,3653,11,A95
2145,764293,37,23,5,5,3652,10,A95
2146,414415,31,19,10,6,3653,11,A95
2147,1646976,31,13,10,6,3653,11,A95
2148,1646976,31,16,10,6,3653,11,A95
2149,1192887,21,20,5,3,1826,5,A95
2150,1296517,39,40,15,1,5479,16,A95
2151,1229036,31,38,10,6,3653,11,A95
2152,492560,11,24,10,6,3653,11,A95
2153,1268544,39,48,15,1,5478,15,A95
2154,1777880,11,28,3,6,1096,4,A95
2155,1777880,11,15,10,6,3653,11,A95
2156,1847284,34,37,10,6,3652,10,A95
2157,961314,35,3,10,6,3652,10,A95
2158,961314,35,2,10,6,3652,10,A95
2159,1191314,31,50,10,3,3652,10,A95
2160,1076978,22,28,10,6,3653,11,A95
2161,1615307,31,26,10,3,3652,10,A95
2162,1948236,32,16,5,4,1826,5,A95
2163,1718745,31,35,10,6,3652,10,A95
2164,370190,31,41,15,1,5478,15,A95
2165,1189774,21,63,10,6,3653,11,A95
2166,1535621,25,15,10,6,3652,10,A95
2167,1535621,25,20,10,6,3652,10,A95
2168,742330,11,19,5,6,1827,6,A95
2169,1816531,23,48,10,6,3652,10,A95
2170,597679,31,39,10,1,3652,10,A95
2171,268648,22,44,10,6,3652,10,A95
2172,637466,31,35,10,6,3652,10,A95
2173,637466,31,34,10,6,3652,10,A95
2174,637466,31,10,10,6,3652,10,A95
2175,817083,33,36,10,99,12419,35,A95
2176,889716,11,54,10,6,3652,10,A95
2177,1012504,31,33,10,6,3653,11,A95
2178,1849139,31,12,5,5,3652,10,A95
2179,239014,33,20,10,3,3653,11,A95
2180,285836,33,26,5,1,1827,6,A95
2181,605299,21,38,10,1,3653,11,A95
2182,1710649,21,45,10,6,3652,10,A95
2183,1701048,33,25,10,6,3652,10,A95
2184,1772391,34,19,10,6,3653,11,A95
2185,1772391,34,34,10,6,3652,10,A95
2186,1289897,24,29,10,6,3652,10,A95
2187,160260,31,22,10,6,3653,11,A95
2188,71967,36,22,20,3,7305,21,A95
2189,899919,21,46,10,6,3653,11,A95
2190,1873115,31,32,15,6,5479,16,A95
2191,270351,31,50,5,3,1826,5,A95
2192,1626944,11,160,5,6,1826,5,A95
2193,1626944,11,130,5,6,1826,5,A95
2194,121830,31,22,5,1,1827,6,A95
2195,1527635,31,27,10,6,3653,11,A95
2196,1776178,38,22,10,6,3652,10,A95
2197,1088317,31,53,20,1,20089,56,A95
2198,1317771,31,8,5,6,1827,6,A95
2199,1317771,31,21,5,6,1827,6,A95
2200,1616657,31,11,10,6,3653,11,A95
2201,1518486,31,21,10,6,3652,10,A95
2202,677324,34,35,5,6,1826,5,A95
2203,82047,34,13,5,5,3652,10,A95
2204,82047,34,30,5,3,1826,5,A95
2205,1254396,31,30,5,3,1826,5,A95
2206,1254396,31,32,5,3,1827,6,A95
2207,1497235,31,20,15,6,5479,16,A95
2208,1558217,37,25,10,6,3653,11,A95
2209,1558217,37,13,10,6,3653,11,A95
2210,479646,38,33,10,3,3652,10,A95
2211,795267,23,46,10,6,3653,11,A95
2212,1778906,31,8,10,6,3652,10,A95
2213,327536,31,38,10,6,3652,10,A95
2214,927462,24,48,5,6,1826,5,A95
2215,927462,24,37,5,6,1826,5,A95
2216,1957740,11,43,5,1,3652,10,A95
2217,1957740,11,21,5,1,1826,5,A95
2218,739209,23,21,10,6,3653,11,A95
2219,739209,23,11,10,6,3653,11,A95
2220,739209,23,13,10,6,3652,10,A95
2221,1835514,31,45,10,6,3653,11,A95
2222,1192087,32,40,5,6,1827,6,A95
2223,1192087,32,31,5,6,1826,5,A95
2224,1504820,32,22,10,1,3652,10,A95
2225,1791483,31,45,10,3,3653,11,A95
2226,741629,31,85,15,2,6940,20,A95
2227,741629,31,80,15,2,6940,20,A95
2228,615984,31,39,5,6,1826,5,A95
2229,78129,11,31,10,6,3652,10,A95
2230,1549682,36,22,10,3,3652,10,A95
2231,1244149,11,17,10,3,3652,10,A95
2232,1004849,11,33,15,6,5479,16,A95
2233,870349,31,48,10,3,17897,50,A95
2234,1489219,31,42,20,1,21549,59,A95
2235,1489219,31,32,20,1,22280,62,A95
2236,1088962,11,36,5,3,1826,5,A95
2237,834372,11,22,10,6,3652,10,A95
2238,834372,11,16,10,6,3653,11,A95
2239,171353,31,30,10,6,3652,10,A95
2240,171353,31,32,10,6,3653,11,A95
2241,171353,31,21,10,6,3653,11,A95
2242,939104,37,42,10,6,3652,10,A95
2243,939104,37,39,10,6,3653,11,A95
2244,939104,37,22,10,6,3653,11,A95
2245,553282,31,48,15,1,5479,16,A95
2246,765173,33,32,10,6,3653,11,A95
2247,765173,33,21,10,6,3653,11,A95
2248,421191,23,7,10,7,3652,10,A95
2249,1739908,11,29,10,6,3653,11,A95
2250,472834,31,34,10,6,3653,11,A95
2251,1705099,37,27,5,4,1826,5,A95
2252,1705099,37,27,5,4,1826,5,A95
2253,1678461,38,26,15,6,5479,16,A95
2254,1455477,31,44,10,6,3652,10,A95
2255,1455477,31,29,10,6,3653,11,A95
2256,1783429,31,38,10,1,3653,11,A95
2257,1451206,31,31,10,3,3653,11,A95
2258,1835627,31,32,10,6,3653,11,A95
2259,1011432,34,15,5,5,1827,6,A95
2260,1011432,34,17,5,5,1827,6,A95
2261,478962,38,32,5,6,1826,5,A95
2262,478962,38,32,5,6,1826,5,A95
2263,328152,36,16,5,1,1826,5,A95
2264,925248,31,64,10,3,3653,11,A95
2265,1381406,31,13,5,1,1826,5,A95
2266,115434,36,12,10,6,3652,10,A95
2267,1631808,31,56,10,1,3653,11,A95
2268,447230,11,35,5,6,1827,6,A95
2269,447230,11,26,5,6,1826,5,A95
2270,523293,34,23,5,6,1827,6,A95
2271,1625956,26,18,10,6,3652,10,A95
2272,736735,31,26,10,6,3652,10,A95
2273,736735,31,49,10,6,3652,10,A95
2274,1085763,11,44,10,6,3652,10,A95
2275,1822417,33,82,10,4,13149,37,A95
2276,1870674,36,27,10,6,3652,10,A95
2277,710849,11,32,5,6,1826,5,A95
2278,1860601,11,25,10,1,3653,11,A95
2279,1884783,22,17,10,6,3653,11,A95
2280,1884783,22,27,10,6,3653,11,A95
2281,768486,31,28,5,6,1826,5,A95
2282,320311,31,36,10,6,3653,11,A95
2283,1774927,22,20,10,6,3653,11,A95
2284,1202330,31,10,10,6,3653,11,A95
2285,1202330,31,18,10,6,3653,11,A95
2286,1202330,31,27,10,6,3653,11,A95
2287,309329,22,33,10,3,3652,10,A95
2288,795541,35,69,5,3,1826,5,A95
2289,111058,11,26,20,6,7305,21,A95
2290,319423,21,11,5,1,1826,5,A95
2291,634550,11,40,10,3,3653,11,A95
2292,201777,23,57,5,1,1827,6,A95
2293,760632,31,25,5,3,1826,5,A95
2294,760632,31,23,10,6,3653,11,A95
2295,1834232,34,21,5,6,1826,5,A95
2296,1834232,34,26,5,6,1827,6,A95
2297,1834232,34,8,5,6,1827,6,A95
2298,262610,31,29,10,6,3653,11,A95
2299,800217,35,23,10,1,3652,10,A95
2300,123586,34,35,5,3,1826,5,A95
2301,1428702,25,79,10,3,3653,11,A95
2302,296501,25,19,30,1,10957,30,A95
2303,630054,25,28,5,6,1826,5,A95
2304,630054,25,35,5,6,1827,6,A95
2305,224181,31,31,10,3,3653,11,A95
2306,1683367,31,30,10,3,3652,10,A95
2307,1622038,31,53,5,6,1826,5,A95
2308,1622038,31,67,5,6,1827,6,A95
2309,1302319,31,72,5,1,6209,17,A95
2310,1179186,31,23,10,3,3653,11,A95
2311,1268027,31,27,5,6,1826,5,A95
2312,1268027,31,23,5,6,1826,5,A95
2313,452705,11,29,5,3,1826,5,A95
2314,1266057,24,38,10,6,3652,10,A95
2315,852395,25,22,5,6,1826,5,A95
2316,852395,25,26,5,6,1827,6,A95
2317,1586933,22,15,5,6,1826,5,A95
2318,1586933,22,27,10,6,3652,10,A95
2319,1010347,11,37,10,6,3652,10,A95
2320,1575349,31,30,10,6,3652,10,A95
2321,1575349,31,19,10,6,3652,10,A95
2322,596104,31,24,5,6,1826,5,A95
2323,596104,31,43,5,6,1827,6,A95
2324,596104,31,43,5,6,1827,6,A95
2325,346752,31,19,5,3,1826,5,A95
2326,535084,21,68,10,1,3652,10,A95
2327,694407,11,48,10,1,3653,11,A95
2328,308406,21,51,10,1,3652,10,A95
2329,1917101,31,36,10,6,3652,10,A95
2330,1493216,32,42,10,6,3653,11,A95
2331,894744,31,22,5,6,1826,5,A95
2332,894744,31,28,5,6,1827,6,A95
2333,894744,31,36,5,6,1826,5,A95
2334,1317728,38,20,5,6,1826,5,A95
2335,1317728,38,22,5,6,1826,5,A95
2336,981086,11,21,5,6,1826,5,A95
2337,981086,11,24,5,6,1827,6,A95
2338,843508,31,20,5,6,1827,6,A95
2339,1507183,38,30,15,6,5479,16,A95
2340,684060,11,31,5,6,1826,5,A95
2341,684060,11,31,5,6,1826,5,A95
2342,561229,31,35,10,6,3653,11,A95
2343,1654986,32,30,5,3,1827,6,A95
2344,993430,38,49,10,6,3653,11,A95
2345,1537331,21,26,15,1,5479,16,A95
2346,1632196,31,29,5,5,3652,10,A95
2347,1254812,23,20,10,6,3652,10,A95
2348,592907,38,31,10,6,3653,11,A95
2349,768233,33,35,10,6,3653,11,A95
2350,51353,36,31,5,6,1826,5,A95
2351,305491,39,36,10,1,3653,11,A95
2352,1573806,31,39,10,6,3653,11,A95
2353,1573806,31,32,10,6,3653,11,A95
2354,1370937,11,32,10,6,3653,11,A95
2355,1370937,11,12,10,6,3653,11,A95
2356,1935108,31,31,10,3,3653,11,A95
2357,1043785,11,24,10,6,3653,11,A95
2358,1123493,32,42,5,6,1826,5,A95
2359,1123493,32,33,5,6,1826,5,A95
2360,1420099,11,28,10,6,3653,11,A95
2361,449686,21,31,5,6,1826,5,A95
2362,1149873,38,16,5,1,1826,5,A95
2363,881822,31,11,5,1,3652,10,A95
2364,958675,33,14,5,5,3652,10,A95
2365,692502,38,33,20,3,9496,26,A95
2366,692502,38,28,20,3,9496,26,A95
2367,614174,37,55,10,1,3653,11,A95
2368,1491414,33,25,10,6,3652,10,A95
2369,1383012,24,47,10,6,19359,54,A95
2370,555063,11,23,10,6,3653,11,A95
2371,1058596,11,14,5,6,1826,5,A95
2372,1225148,39,31,10,6,3652,10,A95
2373,1225148,39,12,10,6,3653,11,A95
