CONTRACT_PK,PRODUCT_CODE,COMPANY_CODE,성별,나이,납입보험료,납입기간,보장기간
1,,,2,49,18,5,6
2,,,2,22,13,5,11
3,,,2,22,13,5,6
4,,,2,33,23,35,36
5,,,2,43,44,20,27
6,,,2,43,43,10,10
7,,,1,52,52,10,11
8,,,1,52,25,10,11
9,,,2,60,45,5,5
10,,,2,60,59,5,6
11,,,2,35,35,10,11
12,,,2,26,34,10,11
13,,,2,39,21,10,10
14,,,2,39,19,10,10
15,,,2,29,32,5,5
16,,,1,61,30,16,16
17,,,2,40,23,10,10
18,,,2,54,42,5,6
19,,,2,54,31,5,5
20,,,1,34,36,20,29
21,,,1,43,33,5,6
22,,,1,43,44,5,5
23,,,2,39,15,10,10
24,,,2,39,40,10,10
25,,,2,41,31,10,11
26,,,2,41,24,10,11
27,,,1,52,30,10,11
28,,,2,31,21,5,6
29,,,1,41,32,10,10
30,,,2,30,37,10,11
31,,,1,51,43,5,5
32,,,1,51,43,5,5
33,,,1,35,33,10,10
34,,,1,35,25,10,11
35,,,1,35,28,10,10
36,,,1,29,22,10,10
37,,,2,30,13,10,11
38,,,2,30,18,10,11
39,,,2,30,24,10,11
40,,,1,43,22,5,5
41,,,1,43,26,5,6
42,,,2,63,59,10,10
43,,,2,55,14,5,5
44,,,2,55,57,5,5
45,,,1,50,52,5,5
46,,,2,32,4,10,10
47,,,2,32,5,10,10
48,,,2,32,19,10,10
49,,,2,32,21,10,10
50,,,2,46,20,5,5
51,,,2,46,20,5,5
52,,,2,34,20,10,10
53,,,1,20,26,10,10
54,,,1,28,17,15,16
55,,,1,39,27,10,10
56,,,1,29,31,10,11
57,,,2,51,49,5,5
58,,,2,51,37,5,6
59,,,2,22,7,10,10
60,,,2,22,11,10,10
61,,,1,43,44,5,5
62,,,2,54,58,20,21
63,,,2,58,89,10,11
64,,,2,15,21,10,10
65,,,1,26,27,10,11
66,,,1,26,14,10,11
67,,,1,26,23,10,11
68,,,2,42,61,15,16
69,,,2,42,22,10,10
70,,,1,57,44,15,16
71,,,2,55,51,5,6
72,,,1,54,28,5,5
73,,,1,54,39,5,6
74,,,2,55,31,10,10
75,,,1,30,28,20,56
76,,,2,31,20,10,11
77,,,2,31,14,10,11
78,,,1,47,42,5,5
79,,,1,47,57,5,5
80,,,2,46,21,10,10
81,,,2,24,41,10,11
82,,,2,25,56,10,10
83,,,2,43,28,5,5
84,,,2,49,37,5,5
85,,,1,30,35,10,11
86,,,2,59,32,5,10
87,,,2,53,25,5,10
88,,,2,53,16,5,5
89,,,2,45,56,5,6
90,,,1,46,29,10,11
91,,,1,48,25,10,10
92,,,1,58,64,10,11
93,,,1,34,12,5,11
94,,,1,34,8,5,5
95,,,2,12,20,15,16
96,,,1,60,69,5,11
97,,,1,60,35,5,5
98,,,1,46,35,5,5
99,,,1,23,26,5,5
100,,,2,27,35,10,10
101,,,2,27,17,10,10
102,,,2,27,51,10,10
103,,,2,32,19,10,11
104,,,1,61,41,10,10
105,,,1,61,44,10,10
106,,,1,48,29,5,5
107,,,1,48,38,5,5
108,,,2,40,32,5,5
109,,,1,32,40,10,11
110,,,2,26,17,5,5
111,,,2,26,16,5,6
112,,,2,45,36,10,10
113,,,2,57,30,10,11
114,,,2,57,20,10,10
115,,,2,49,48,5,5
116,,,1,39,28,10,10
117,,,2,45,13,5,10
118,,,2,55,41,5,5
119,,,1,37,33,10,11
120,,,2,30,21,10,11
121,,,2,37,33,25,25
122,,,1,40,66,10,11
123,,,2,33,40,15,16
124,,,1,46,32,5,5
125,,,1,26,30,10,11
126,,,1,52,31,10,11
127,,,1,65,37,5,5
128,,,1,65,37,5,5
129,,,1,59,30,5,6
130,,,2,58,36,5,5
131,,,2,58,39,10,11
132,,,1,28,48,10,11
133,,,1,28,74,10,11
134,,,1,60,30,10,10
135,,,1,29,23,10,11
136,,,1,38,21,10,10
137,,,1,38,27,10,10
138,,,1,38,34,10,11
139,,,1,44,22,10,11
140,,,1,44,24,10,10
141,,,2,53,51,10,11
142,,,1,59,30,10,10
143,,,1,59,16,10,11
144,,,2,43,31,10,11
145,,,2,43,30,10,10
146,,,1,56,79,10,10
147,,,2,36,47,10,11
148,,,2,36,61,10,52
149,,,1,23,13,5,11
150,,,1,25,15,15,15
151,,,1,52,22,10,11
152,,,1,52,62,5,5
153,,,1,52,21,10,11
154,,,1,33,29,10,10
155,,,1,31,36,15,15
156,,,1,43,32,10,11
157,,,1,65,64,10,11
158,,,2,29,10,5,11
159,,,1,30,29,10,53
160,,,1,52,22,10,11
161,,,1,43,38,10,10
162,,,2,40,34,5,5
163,,,1,43,14,5,11
164,,,1,46,19,10,11
165,,,1,25,29,10,11
166,,,2,60,49,5,5
167,,,2,60,49,5,5
168,,,1,56,49,10,11
169,,,1,56,31,10,11
170,,,2,37,28,10,11
171,,,1,33,33,5,5
172,,,1,33,30,5,5
173,,,2,57,49,10,11
174,,,1,22,14,5,10
175,,,1,25,24,10,11
176,,,2,65,57,5,5
177,,,2,65,57,5,5
178,,,2,65,73,20,24
179,,,2,24,15,5,5
180,,,2,24,15,5,6
181,,,1,57,46,10,11
182,,,1,63,32,5,6
183,,,1,63,27,5,5
184,,,1,44,21,5,5
185,,,1,44,21,5,5
186,,,1,45,31,5,5
187,,,2,56,51,5,5
188,,,1,54,20,21,21
189,,,2,28,17,5,5
190,,,2,45,40,10,10
191,,,2,64,84,15,16
192,,,2,64,45,5,5
193,,,1,52,26,20,21
194,,,2,58,62,10,11
195,,,1,31,30,10,11
196,,,1,36,31,10,11
197,,,2,52,31,10,11
198,,,2,52,50,10,10
199,,,2,12,22,10,11
200,,,1,26,34,10,10
201,,,1,26,27,10,11
202,,,1,21,21,10,11
203,,,2,50,92,10,10
204,,,1,57,55,5,5
205,,,1,57,55,5,5
206,,,2,63,43,5,5
207,,,2,63,43,5,5
208,,,1,24,8,20,64
209,,,1,24,24,20,62
210,,,1,33,28,10,11
211,,,1,24,41,48,49
212,,,1,29,22,40,41
213,,,2,13,27,10,10
214,,,1,43,17,5,5
215,,,2,12,23,10,11
216,,,1,54,33,5,5
217,,,2,35,26,10,11
218,,,2,52,58,10,11
219,,,2,25,41,10,11
220,,,1,20,25,5,5
221,,,1,20,25,5,5
222,,,2,31,36,10,10
223,,,2,37,84,10,11
224,,,1,31,40,10,11
225,,,1,33,29,10,11
226,,,1,49,54,20,40
227,,,1,59,44,10,11
228,,,1,51,31,5,6
229,,,1,51,23,5,5
230,,,2,52,39,10,11
231,,,2,52,49,10,10
232,,,1,34,37,10,11
233,,,2,36,20,10,10
234,,,2,22,19,5,5
235,,,2,41,38,10,11
236,,,1,51,43,5,5
237,,,2,58,43,10,11
238,,,1,41,29,5,6
239,,,1,41,24,5,5
240,,,2,54,30,16,17
241,,,1,32,21,10,11
242,,,1,35,19,10,11
243,,,1,35,19,10,11
244,,,2,35,42,10,11
245,,,2,35,29,10,10
246,,,2,16,16,5,5
247,,,2,58,54,20,25
248,,,1,33,19,10,11
249,,,1,33,16,10,10
250,,,2,28,28,10,54
251,,,2,38,34,5,6
252,,,2,38,35,5,5
253,,,2,28,25,10,10
254,,,2,52,45,5,5
255,,,2,52,58,5,5
256,,,1,54,43,5,5
257,,,1,54,62,5,5
258,,,2,61,30,10,10
259,,,2,36,12,5,5
260,,,2,36,18,5,11
261,,,2,30,35,5,6
262,,,2,33,29,10,11
263,,,1,36,30,10,11
264,,,2,46,35,10,11
265,,,1,39,30,5,6
266,,,1,39,25,5,5
267,,,2,25,24,15,16
268,,,1,36,26,5,5
269,,,1,36,30,5,6
270,,,1,59,46,5,6
271,,,1,59,33,5,5
272,,,2,30,20,10,10
273,,,2,42,48,10,11
274,,,1,35,25,10,10
275,,,1,35,23,10,11
276,,,2,30,19,15,16
277,,,2,37,30,10,10
278,,,1,24,12,10,11
279,,,1,41,34,10,11
280,,,1,34,45,5,6
281,,,2,47,54,10,11
282,,,1,49,23,10,10
283,,,2,50,25,5,6
284,,,2,57,5,10,11
285,,,2,57,18,10,10
286,,,2,45,46,5,5
287,,,2,54,85,5,6
288,,,1,16,43,20,64
289,,,1,27,35,10,11
290,,,2,48,53,5,5
291,,,2,35,11,10,11
292,,,2,35,29,10,10
293,,,1,30,34,10,10
294,,,2,44,67,15,16
295,,,1,36,32,10,47
296,,,1,63,52,15,16
297,,,2,39,22,5,5
298,,,2,25,18,10,10
299,,,2,33,23,10,10
300,,,2,65,54,20,21
301,,,2,35,40,10,11
302,,,2,47,53,10,10
303,,,2,39,29,15,16
304,,,2,39,36,10,11
305,,,1,33,21,10,10
306,,,1,50,75,5,5
307,,,1,37,33,10,10
308,,,2,19,45,5,5
309,,,2,36,22,10,11
310,,,2,36,12,10,11
311,,,2,39,13,5,6
312,,,1,38,39,10,11
313,,,2,53,43,5,5
314,,,2,53,35,5,6
315,,,1,34,20,10,11
316,,,1,33,15,5,10
317,,,2,20,23,10,10
318,,,2,48,29,20,23
319,,,2,35,24,10,10
320,,,2,54,42,5,5
321,,,2,54,42,5,5
322,,,2,65,70,10,10
323,,,2,47,36,5,6
324,,,2,47,27,5,5
325,,,2,55,83,20,32
326,,,2,30,22,45,46
327,,,1,42,18,10,11
328,,,2,25,20,10,56
329,,,2,24,25,10,10
330,,,2,54,52,10,25
331,,,1,39,29,10,11
332,,,2,27,18,10,11
333,,,2,28,13,10,10
334,,,1,40,35,5,5
335,,,2,38,28,10,11
336,,,2,57,51,5,5
337,,,1,31,19,10,10
338,,,1,45,27,10,11
339,,,2,43,24,10,10
340,,,1,34,27,10,10
341,,,1,19,30,20,21
342,,,2,29,12,10,10
343,,,2,29,11,10,10
344,,,1,47,36,5,6
345,,,1,25,20,10,10
346,,,2,36,16,5,10
347,,,1,28,12,5,5
348,,,2,26,10,5,5
349,,,2,26,13,5,11
350,,,1,32,9,10,10
351,,,1,32,9,5,10
352,,,1,32,20,10,11
353,,,1,56,24,10,11
354,,,1,54,52,10,10
355,,,1,22,26,20,62
356,,,2,25,22,10,10
357,,,2,39,46,10,11
358,,,1,53,31,10,11
359,,,1,53,28,10,10
360,,,2,21,26,10,10
361,,,2,44,40,10,10
362,,,2,58,58,5,6
363,,,1,51,74,20,39
364,,,1,61,30,5,10
365,,,1,51,26,10,11
366,,,1,48,43,20,33
367,,,2,44,36,10,11
368,,,2,44,6,10,11
369,,,2,29,22,5,6
370,,,2,29,22,5,5
371,,,2,46,5,10,10
372,,,2,46,6,10,10
373,,,2,46,15,10,11
374,,,2,34,39,10,11
375,,,1,38,37,40,41
376,,,1,33,41,10,11
377,,,2,28,17,5,6
378,,,2,28,16,5,5
379,,,2,56,28,5,10
380,,,2,44,50,10,42
381,,,2,49,50,10,11
382,,,2,49,24,10,10
383,,,1,35,42,10,11
384,,,1,35,31,5,5
385,,,2,53,43,10,19
386,,,2,53,47,10,19
387,,,2,47,40,10,11
388,,,2,43,16,5,5
389,,,1,37,70,15,16
390,,,2,48,24,5,5
391,,,1,50,46,5,6
392,,,1,50,33,5,5
393,,,1,26,20,5,5
394,,,1,26,21,5,5
395,,,2,40,32,5,5
396,,,2,40,32,5,5
397,,,1,31,41,10,11
398,,,1,44,10,10,10
399,,,1,32,37,10,11
400,,,1,64,27,10,11
401,,,2,48,28,5,6
402,,,1,45,18,5,10
403,,,1,35,24,10,10
404,,,1,35,24,10,10
405,,,1,50,37,5,5
406,,,1,50,37,5,5
407,,,1,37,28,10,11
408,,,2,48,13,10,10
409,,,2,12,30,20,21
410,,,1,52,45,10,11
411,,,1,52,19,5,5
412,,,1,52,19,5,5
413,,,2,42,21,10,10
414,,,1,23,26,10,11
415,,,1,22,19,10,10
416,,,1,50,26,10,11
417,,,1,50,11,10,11
418,,,2,50,36,5,5
419,,,1,48,31,10,11
420,,,1,48,13,10,11
421,,,2,40,34,10,11
422,,,1,44,37,10,10
423,,,1,43,22,10,10
424,,,1,40,34,10,10
425,,,2,30,25,10,10
426,,,1,43,18,5,10
427,,,1,58,20,5,5
428,,,1,58,46,5,6
429,,,1,58,46,5,6
430,,,1,60,59,10,11
431,,,2,33,23,5,5
432,,,1,45,17,5,10
433,,,2,27,27,10,10
434,,,2,27,12,10,10
435,,,2,27,12,10,10
436,,,1,30,16,15,16
437,,,1,43,29,15,16
438,,,1,43,25,10,11
439,,,1,63,46,5,5
440,,,1,63,46,5,5
441,,,1,40,18,10,10
442,,,1,40,3,10,11
443,,,1,39,34,20,47
444,,,2,50,24,5,6
445,,,2,24,23,20,21
446,,,2,65,45,15,17
447,,,1,53,42,10,11
448,,,2,47,32,10,11
449,,,2,26,19,5,5
450,,,2,26,16,5,6
451,,,1,32,25,5,5
452,,,1,28,33,10,11
453,,,2,43,24,10,10
454,,,2,23,40,5,63
455,,,1,41,25,10,11
456,,,1,41,28,10,11
457,,,1,41,25,10,10
458,,,1,41,28,10,10
459,,,1,49,27,10,11
460,,,1,55,44,20,21
461,,,1,35,39,10,10
462,,,1,29,35,10,11
463,,,1,29,23,5,5
464,,,2,31,10,5,10
465,,,1,46,28,15,16
466,,,1,27,37,10,10
467,,,2,64,82,5,5
468,,,2,64,82,5,5
469,,,1,35,22,10,11
470,,,2,55,49,5,6
471,,,2,55,36,5,5
472,,,1,27,19,5,5
473,,,1,27,23,10,10
474,,,2,33,6,5,6
475,,,2,33,19,5,6
476,,,2,33,18,5,5
477,,,2,42,27,15,16
478,,,2,12,24,20,21
479,,,2,46,41,20,21
480,,,1,54,50,10,11
481,,,2,32,23,10,11
482,,,1,22,32,10,10
483,,,1,55,37,5,5
484,,,2,37,21,10,10
485,,,2,33,19,5,5
486,,,2,49,49,5,5
487,,,2,53,69,10,10
488,,,1,31,24,15,16
489,,,2,36,28,10,11
490,,,1,46,30,10,10
491,,,2,59,52,5,5
492,,,2,59,64,5,6
493,,,1,51,67,10,11
494,,,1,34,29,5,5
495,,,1,34,30,5,5
496,,,1,34,40,10,10
497,,,2,43,36,10,10
498,,,1,31,20,15,16
499,,,1,40,20,5,5
500,,,1,38,30,10,10
501,,,2,25,20,15,16
502,,,2,35,30,10,11
503,,,2,35,30,10,11
504,,,2,46,14,5,5
505,,,1,29,40,10,10
506,,,1,48,31,5,5
507,,,2,52,55,10,10
508,,,2,65,25,15,15
509,,,1,51,41,10,11
510,,,2,34,10,5,10
511,,,2,51,26,10,10
512,,,1,29,60,10,11
513,,,1,41,22,5,5
514,,,2,60,56,15,16
515,,,1,44,40,10,11
516,,,2,37,53,10,46
517,,,2,31,43,20,57
518,,,2,37,24,5,5
519,,,2,37,42,10,11
520,,,2,65,36,10,11
521,,,1,22,34,10,11
522,,,2,54,37,5,5
523,,,2,61,50,5,5
524,,,2,61,65,5,6
525,,,1,55,46,15,16
526,,,1,42,30,10,46
527,,,2,56,65,10,10
528,,,1,51,46,5,5
529,,,1,26,11,5,11
530,,,1,26,8,5,5
531,,,2,30,23,10,10
532,,,2,33,21,5,5
533,,,2,33,19,5,5
534,,,2,24,10,5,5
535,,,2,24,14,5,11
536,,,2,25,16,5,10
537,,,2,45,39,10,11
538,,,2,45,16,10,10
539,,,1,23,35,10,56
540,,,2,25,31,10,11
541,,,2,24,38,10,11
542,,,1,48,16,10,10
543,,,1,48,18,10,10
544,,,1,48,8,10,11
545,,,1,48,27,10,10
546,,,1,49,24,15,15
547,,,1,34,25,10,11
548,,,1,42,22,5,11
549,,,2,41,21,10,10
550,,,2,47,150,15,16
551,,,1,45,21,10,11
552,,,1,45,26,10,11
553,,,2,51,19,10,10
554,,,2,55,68,10,10
555,,,1,39,20,5,6
556,,,1,39,21,5,5
557,,,1,22,10,5,5
558,,,1,22,16,5,11
559,,,1,34,28,10,10
560,,,1,52,26,5,5
561,,,2,35,26,5,5
562,,,2,35,25,5,5
563,,,2,50,18,10,11
564,,,2,50,12,10,10
565,,,2,50,17,10,10
566,,,2,50,16,10,11
567,,,2,24,20,10,11
568,,,2,40,15,10,10
569,,,2,40,12,10,10
570,,,1,37,16,5,11
571,,,1,46,45,10,10
572,,,2,60,33,5,6
573,,,2,60,26,5,5
574,,,2,45,37,5,5
575,,,2,44,36,10,11
576,,,2,31,24,10,10
577,,,2,53,32,5,5
578,,,2,53,28,10,11
579,,,2,42,25,10,10
580,,,1,43,27,10,10
581,,,2,17,60,10,62
582,,,2,47,26,5,5
583,,,1,43,58,10,38
584,,,1,23,40,20,58
585,,,1,24,17,5,6
586,,,1,24,16,5,5
587,,,1,35,40,10,10
588,,,1,36,44,10,10
589,,,2,43,49,20,40
590,,,2,38,50,10,11
591,,,2,31,18,10,10
592,,,2,31,53,20,50
593,,,2,56,54,15,15
594,,,2,44,58,10,11
595,,,2,13,25,10,11
596,,,1,40,10,5,11
597,,,1,40,7,5,5
598,,,1,16,14,5,6
599,,,1,16,14,5,5
600,,,2,48,39,10,10
601,,,2,52,47,5,6
602,,,1,22,31,10,10
603,,,1,57,78,10,28
604,,,1,29,28,10,10
605,,,2,32,21,10,10
606,,,1,32,27,10,10
607,,,1,12,22,20,21
608,,,1,35,11,5,10
609,,,1,35,7,5,5
610,,,2,35,33,35,35
611,,,2,37,25,10,10
612,,,2,62,74,10,11
613,,,1,40,63,10,11
614,,,2,58,8,10,11
615,,,1,41,25,5,6
616,,,1,41,25,5,6
617,,,1,59,61,5,6
618,,,1,59,44,5,5
619,,,1,41,32,5,5
620,,,1,40,38,30,30
621,,,2,57,45,20,21
622,,,1,45,42,10,10
623,,,2,35,17,5,5
624,,,1,36,44,10,11
625,,,1,29,38,10,11
626,,,2,58,61,20,23
627,,,1,64,51,10,11
628,,,2,33,25,5,5
629,,,2,34,36,10,10
630,,,1,28,11,10,10
631,,,1,27,22,10,10
632,,,1,29,17,10,10
633,,,1,29,13,10,10
634,,,2,34,22,5,6
635,,,1,39,11,10,10
636,,,2,61,47,5,10
637,,,1,37,24,5,5
638,,,1,37,29,5,6
639,,,2,44,20,5,5
640,,,1,38,28,5,6
641,,,1,33,23,5,6
642,,,1,40,15,5,5
643,,,1,38,37,10,10
644,,,2,38,22,20,30
645,,,2,38,26,20,30
646,,,1,34,12,5,5
647,,,1,34,13,5,6
648,,,1,34,21,5,6
649,,,2,40,25,5,5
650,,,2,55,30,5,6
651,,,1,37,19,10,11
652,,,1,53,65,5,5
653,,,2,25,16,10,10
654,,,2,25,6,10,11
655,,,1,60,9,10,11
656,,,1,60,25,10,11
657,,,1,50,60,5,5
658,,,1,56,27,5,5
659,,,1,56,27,5,5
660,,,1,28,27,10,10
661,,,2,57,41,10,10
662,,,1,61,18,10,10
663,,,2,37,23,10,11
664,,,2,45,28,10,11
665,,,2,47,34,20,21
666,,,2,24,34,10,11
667,,,2,45,25,5,10
668,,,2,45,160,15,16
669,,,1,52,14,5,10
670,,,1,47,29,10,11
671,,,1,40,36,5,5
672,,,1,29,29,10,10
673,,,2,65,67,10,10
674,,,2,32,22,10,11
675,,,2,35,21,5,5
676,,,2,55,41,10,10
677,,,2,55,11,10,10
678,,,2,42,41,10,11
679,,,1,39,50,10,10
680,,,2,43,50,10,18
681,,,2,43,36,10,18
682,,,1,42,32,30,30
683,,,1,12,19,20,21
684,,,1,25,42,10,11
685,,,1,46,40,10,10
686,,,2,25,26,5,6
687,,,2,25,25,5,5
688,,,1,63,54,15,16
689,,,1,63,41,10,11
690,,,2,63,46,5,10
691,,,2,43,28,5,6
692,,,2,43,24,5,5
693,,,1,40,20,5,5
694,,,1,40,24,5,6
695,,,1,56,57,10,11
696,,,1,55,27,5,5
697,,,1,30,25,10,11
698,,,1,30,13,5,6
699,,,1,52,44,10,11
700,,,2,41,15,10,11
701,,,2,41,29,10,11
702,,,2,41,41,10,10
703,,,2,41,37,10,10
704,,,1,52,40,15,16
705,,,2,55,47,5,5
706,,,2,55,29,10,10
707,,,2,43,22,5,6
708,,,2,43,21,5,5
709,,,1,57,58,11,11
710,,,1,35,24,15,16
711,,,1,37,29,10,11
712,,,1,15,19,5,5
713,,,1,32,8,10,10
714,,,1,32,12,10,11
715,,,1,38,33,10,11
716,,,1,45,35,5,5
717,,,1,45,33,5,5
718,,,1,45,33,5,5
719,,,2,21,20,10,11
720,,,2,41,27,10,10
721,,,1,46,27,15,16
722,,,1,46,28,10,11
723,,,1,63,46,10,11
724,,,2,49,36,5,5
725,,,2,49,27,5,5
726,,,2,49,31,5,5
727,,,2,49,15,10,11
728,,,2,58,35,20,24
729,,,2,22,34,10,10
730,,,2,32,22,10,10
731,,,2,47,25,5,6
732,,,2,51,48,5,5
733,,,2,37,37,10,10
734,,,2,37,31,10,10
735,,,1,30,30,10,50
736,,,2,34,36,10,11
737,,,2,37,32,30,30
738,,,1,29,30,10,11
739,,,1,55,56,10,11
740,,,1,55,56,10,11
741,,,2,47,24,25,25
742,,,2,22,28,10,11
743,,,2,55,49,5,5
744,,,2,29,24,10,11
745,,,2,30,31,5,5
746,,,1,48,29,5,5
747,,,1,43,15,10,11
748,,,1,43,13,10,10
749,,,1,43,12,10,10
750,,,1,47,27,5,5
751,,,1,39,40,10,51
752,,,1,34,33,5,5
753,,,1,34,37,5,6
754,,,1,45,32,10,10
755,,,2,38,24,10,11
756,,,2,54,51,10,10
757,,,2,54,48,10,10
758,,,1,37,24,5,6
759,,,2,51,50,10,38
760,,,1,62,63,5,11
761,,,1,51,55,15,21
762,,,1,51,67,15,21
763,,,1,40,28,5,5
764,,,2,64,54,5,6
765,,,1,34,30,5,5
766,,,1,34,30,5,5
767,,,1,21,30,5,6
768,,,1,37,20,10,11
769,,,1,37,28,10,10
770,,,1,37,14,10,11
771,,,1,40,25,5,5
772,,,2,60,55,10,20
773,,,1,47,23,5,5
774,,,1,47,30,5,5
775,,,2,38,42,10,10
776,,,2,22,26,10,11
777,,,1,31,49,10,11
778,,,2,45,57,10,11
779,,,1,49,45,10,13
780,,,1,49,58,10,13
781,,,2,54,55,15,15
782,,,1,46,29,10,11
783,,,1,40,34,10,11
784,,,2,20,22,10,10
785,,,1,29,36,5,5
786,,,1,50,26,10,11
787,,,1,44,27,15,16
788,,,1,45,10,10,11
789,,,1,45,13,10,11
790,,,1,33,15,5,10
791,,,1,33,10,5,5
792,,,1,33,31,10,10
793,,,1,37,17,10,11
794,,,1,63,46,10,11
795,,,2,29,33,15,16
796,,,1,36,39,10,11
797,,,2,54,35,5,5
798,,,1,42,25,10,10
799,,,2,50,78,20,21
800,,,1,49,14,10,11
801,,,1,49,31,10,10
802,,,1,43,22,10,11
803,,,1,43,25,10,11
804,,,2,44,3,10,11
805,,,2,44,19,10,11
806,,,2,44,10,5,10
807,,,1,46,44,10,11
808,,,2,45,42,5,5
809,,,2,45,42,5,5
810,,,1,33,23,10,10
811,,,1,42,52,10,11
812,,,2,26,41,10,11
813,,,2,59,95,20,21
814,,,1,52,22,10,11
815,,,1,30,16,15,16
816,,,2,48,31,10,11
817,,,2,18,20,10,11
818,,,2,18,23,10,11
819,,,2,56,37,5,6
820,,,2,56,47,5,5
821,,,1,48,22,25,25
822,,,1,29,41,10,11
823,,,2,43,22,10,11
824,,,2,29,32,20,21
825,,,1,20,24,10,11
826,,,1,38,77,10,11
827,,,2,24,38,10,10
828,,,1,55,13,10,11
829,,,2,52,16,10,10
830,,,2,34,32,5,5
831,,,2,27,35,20,50
832,,,1,53,43,10,10
833,,,1,53,42,10,10
834,,,1,53,21,10,11
835,,,2,19,48,10,11
836,,,1,53,43,10,13
837,,,2,35,37,10,35
838,,,2,35,30,10,35
839,,,1,38,37,10,11
840,,,2,48,35,10,10
841,,,1,60,26,10,11
842,,,1,60,25,10,11
843,,,1,60,25,5,5
844,,,1,54,38,10,11
845,,,2,47,29,10,10
846,,,1,48,42,5,6
847,,,1,48,30,5,5
848,,,2,46,19,5,5
849,,,2,24,14,5,10
850,,,2,58,36,10,12
851,,,1,34,24,10,10
852,,,1,64,38,10,10
853,,,1,32,40,10,11
854,,,2,37,9,10,10
855,,,2,37,21,10,10
856,,,1,41,59,10,11
857,,,2,49,41,5,6
858,,,1,45,44,5,6
859,,,1,45,32,5,5
860,,,1,31,24,10,11
861,,,1,31,6,10,11
862,,,2,38,27,5,5
863,,,1,31,27,10,11
864,,,1,31,32,10,11
865,,,1,33,32,5,5
866,,,2,23,19,5,5
867,,,2,52,28,5,5
868,,,2,52,38,5,6
869,,,2,55,24,5,6
870,,,2,64,22,10,11
871,,,2,64,36,10,10
872,,,2,64,34,10,10
873,,,1,37,27,5,5
874,,,1,34,34,5,5
875,,,1,32,65,15,16
876,,,1,30,27,15,15
877,,,2,32,67,15,16
878,,,1,31,40,10,10
879,,,1,57,59,10,11
880,,,2,32,31,10,11
881,,,2,32,18,10,11
882,,,1,30,18,10,11
883,,,1,51,38,10,11
884,,,1,40,45,5,5
885,,,1,52,38,10,10
886,,,2,62,68,10,10
887,,,2,40,19,10,10
888,,,1,49,30,10,11
889,,,1,49,17,10,10
890,,,2,45,40,10,11
891,,,1,37,17,5,10
892,,,1,37,11,5,5
893,,,1,43,24,10,10
894,,,1,47,41,10,11
895,,,1,31,43,10,10
896,,,2,36,23,5,5
897,,,2,56,29,10,11
898,,,1,54,31,15,15
899,,,1,59,49,10,11
900,,,1,30,27,10,11
901,,,1,30,38,10,11
902,,,1,21,29,10,11
903,,,1,41,41,10,10
904,,,2,51,51,10,11
905,,,2,26,23,10,10
906,,,2,26,26,10,11
907,,,1,53,61,15,16
908,,,2,39,5,10,10
909,,,2,39,6,10,10
910,,,2,39,9,10,10
911,,,2,39,24,10,10
912,,,2,39,36,45,46
913,,,2,40,19,10,10
914,,,1,28,39,5,5
915,,,2,41,19,10,11
916,,,2,46,22,24,25
917,,,2,53,45,16,17
918,,,1,21,31,10,10
919,,,2,54,56,10,11
920,,,1,32,36,10,11
921,,,2,54,57,10,11
922,,,2,57,11,10,10
923,,,2,57,47,10,10
924,,,2,58,32,5,5
925,,,2,53,36,10,11
926,,,1,50,31,10,10
927,,,1,28,19,5,5
928,,,1,28,19,5,6
929,,,2,42,46,15,16
930,,,1,59,53,10,11
931,,,1,45,51,10,11
932,,,1,43,24,5,6
933,,,1,43,25,5,5
934,,,2,35,14,5,10
935,,,2,41,35,10,11
936,,,2,57,50,5,5
937,,,2,57,34,5,5
938,,,2,36,33,10,10
939,,,2,39,23,10,11
940,,,2,56,69,5,5
941,,,2,50,46,5,20
942,,,2,50,59,5,20
943,,,1,51,55,5,6
944,,,1,51,40,5,5
945,,,2,61,33,15,15
946,,,1,53,59,10,11
947,,,1,53,25,10,11
948,,,2,60,26,10,10
949,,,1,34,15,5,10
950,,,1,40,30,15,16
951,,,1,43,39,10,10
952,,,2,46,57,5,5
953,,,1,40,19,10,10
954,,,1,52,35,5,6
955,,,1,52,44,5,5
956,,,2,31,15,5,11
957,,,2,44,22,5,6
958,,,1,47,130,10,11
959,,,2,40,27,5,5
960,,,1,47,32,5,5
961,,,1,47,27,5,5
962,,,1,60,52,10,10
963,,,1,49,35,10,10
964,,,1,31,41,5,5
965,,,1,50,37,20,36
966,,,1,51,130,15,35
967,,,2,60,26,10,11
968,,,2,60,16,10,10
969,,,2,60,15,10,10
970,,,2,60,26,10,11
971,,,2,54,27,5,5
972,,,2,54,36,5,5
973,,,1,39,40,10,10
974,,,1,20,13,5,5
975,,,2,48,30,10,11
976,,,1,34,21,15,16
977,,,2,41,21,5,5
978,,,2,41,19,5,6
979,,,1,24,23,20,57
980,,,2,26,33,15,16
981,,,2,49,27,10,10
982,,,1,55,40,5,5
983,,,1,55,53,5,6
984,,,1,41,26,5,5
985,,,2,49,36,10,10
986,,,2,50,31,5,5
987,,,2,50,36,5,6
988,,,2,49,11,10,10
989,,,2,49,9,10,11
990,,,2,49,32,10,10
991,,,2,49,20,10,10
992,,,1,47,35,5,5
993,,,1,47,44,5,6
994,,,1,36,11,10,10
995,,,1,36,13,10,10
996,,,1,36,15,10,10
997,,,2,13,29,10,11
998,,,2,42,19,5,5
999,,,1,48,46,10,10
1000,,,1,38,11,5,11
1001,,,2,59,25,5,5
1002,,,2,35,27,40,41
1003,,,2,28,9,10,10
1004,,,1,37,64,10,11
1005,,,1,18,26,5,5
1006,,,1,18,22,10,10
1007,,,2,17,33,10,11
1008,,,1,42,58,10,44
1009,,,1,19,22,20,21
1010,,,2,51,38,25,25
1011,,,2,52,28,10,10
1012,,,2,29,20,10,10
1013,,,2,29,19,10,10
1014,,,1,29,25,10,11
1015,,,2,60,60,5,10
1016,,,2,46,18,5,5
1017,,,2,46,20,5,6
1018,,,1,21,41,20,59
1019,,,2,64,11,10,11
1020,,,2,27,21,5,5
1021,,,2,41,33,5,5
1022,,,2,47,25,20,39
1023,,,1,47,49,10,10
1024,,,1,26,32,10,54
1025,,,1,60,52,15,16
1026,,,2,47,27,10,10
1027,,,2,35,12,5,10
1028,,,1,41,32,20,22
1029,,,1,41,27,15,16
1030,,,2,12,15,15,16
1031,,,2,59,31,5,6
1032,,,2,59,28,5,5
1033,,,2,44,23,15,16
1034,,,1,35,14,10,11
1035,,,2,43,17,25,25
1036,,,2,56,28,5,5
1037,,,2,56,23,5,5
1038,,,1,42,14,5,10
1039,,,2,54,71,5,6
1040,,,2,54,52,5,5
1041,,,1,51,51,10,11
1042,,,1,35,20,10,10
1043,,,1,35,5,10,11
1044,,,1,35,10,10,11
1045,,,1,32,22,10,11
1046,,,1,53,42,15,16
1047,,,2,51,50,10,10
1048,,,1,32,34,10,10
1049,,,1,40,23,10,10
1050,,,1,44,30,5,5
1051,,,1,44,30,5,5
1052,,,2,54,51,5,6
1053,,,1,34,31,10,10
1054,,,2,15,21,10,10
1055,,,2,40,22,5,5
1056,,,2,40,29,5,11
1057,,,1,55,22,10,10
1058,,,1,55,40,5,5
1059,,,1,55,28,5,5
1060,,,2,34,33,5,6
1061,,,2,34,28,5,5
1062,,,1,26,22,20,21
1063,,,1,31,14,5,6
1064,,,1,40,30,5,5
1065,,,2,24,15,10,10
1066,,,2,24,30,10,10
1067,,,2,24,23,20,21
1068,,,2,26,34,10,10
1069,,,2,26,10,10,11
1070,,,2,26,39,15,16
1071,,,1,54,52,5,5
1072,,,1,54,71,5,6
1073,,,1,36,28,35,36
1074,,,1,34,3,10,10
1075,,,1,34,31,10,10
1076,,,1,35,22,10,11
1077,,,1,51,16,10,10
1078,,,1,48,58,10,10
1079,,,2,30,34,10,10
1080,,,1,42,34,5,6
1081,,,1,40,34,5,5
1082,,,1,40,34,5,5
1083,,,2,26,39,20,57
1084,,,2,32,28,5,5
1085,,,2,53,46,20,36
1086,,,1,27,38,10,11
1087,,,1,63,31,10,11
1088,,,1,34,36,10,11
1089,,,1,30,22,5,6
1090,,,1,30,23,5,5
1091,,,1,50,22,10,11
1092,,,2,52,29,5,5
1093,,,2,47,34,15,16
1094,,,1,52,41,5,6
1095,,,1,38,23,10,11
1096,,,2,58,43,15,15
1097,,,1,31,20,5,5
1098,,,1,31,21,5,5
1099,,,2,30,18,10,11
1100,,,1,39,30,5,5
1101,,,1,40,42,15,16
1102,,,2,58,66,15,16
1103,,,2,28,36,10,11
1104,,,1,29,18,35,36
1105,,,2,62,69,10,11
1106,,,2,30,18,20,55
1107,,,1,30,11,5,10
1108,,,1,60,59,10,11
1109,,,2,61,50,13,13
1110,,,1,49,51,10,11
1111,,,1,45,26,20,21
1112,,,1,12,19,20,77
1113,,,2,37,23,10,10
1114,,,1,55,59,10,11
1115,,,2,63,43,5,5
1116,,,2,63,55,5,6
1117,,,2,53,16,10,11
1118,,,2,53,31,10,11
1119,,,2,31,22,10,10
1120,,,2,39,21,10,10
1121,,,1,33,49,5,5
1122,,,2,46,24,5,5
1123,,,2,63,42,10,10
1124,,,1,39,19,10,11
1125,,,2,36,30,10,11
1126,,,2,32,37,10,11
1127,,,1,47,32,10,11
1128,,,1,51,45,5,5
1129,,,1,56,51,10,10
1130,,,1,50,81,10,11
1131,,,1,58,36,5,5
1132,,,2,24,57,10,11
1133,,,1,52,81,15,16
1134,,,1,18,10,5,5
1135,,,1,18,15,5,11
1136,,,2,32,27,10,10
1137,,,1,40,19,15,16
1138,,,2,45,83,20,33
1139,,,1,41,19,10,11
1140,,,1,41,34,10,10
1141,,,1,41,30,10,10
1142,,,1,41,13,10,11
1143,,,2,44,20,5,5
1144,,,1,37,30,5,6
1145,,,1,60,20,10,10
1146,,,2,28,32,5,5
1147,,,1,65,64,5,5
1148,,,2,32,8,10,10
1149,,,2,32,8,3,4
1150,,,2,32,8,3,4
1151,,,2,32,15,10,11
1152,,,2,40,28,10,10
1153,,,2,31,16,5,11
1154,,,2,52,46,10,11
1155,,,2,26,11,10,10
1156,,,2,26,19,10,11
1157,,,2,41,18,5,5
1158,,,2,26,23,10,10
1159,,,2,50,39,10,10
1160,,,1,58,95,10,10
1161,,,2,63,44,5,6
1162,,,2,63,34,5,5
1163,,,1,37,28,10,11
1164,,,1,61,27,5,5
1165,,,1,28,9,5,11
1166,,,1,43,26,10,11
1167,,,1,35,30,10,10
1168,,,1,35,10,10,10
1169,,,2,18,11,20,21
1170,,,2,61,40,5,6
1171,,,2,61,40,5,6
1172,,,1,55,16,10,10
1173,,,1,41,59,15,16
1174,,,1,50,34,22,22
1175,,,2,12,31,10,11
1176,,,1,25,18,10,11
1177,,,1,30,20,5,5
1178,,,1,51,28,10,11
1179,,,2,28,23,10,11
1180,,,1,30,36,15,16
1181,,,2,57,50,5,5
1182,,,2,57,71,5,6
1183,,,2,39,34,10,11
1184,,,2,39,23,10,11
1185,,,1,38,12,10,10
1186,,,2,50,25,5,5
1187,,,2,50,34,5,5
1188,,,2,40,29,10,11
1189,,,1,50,30,10,10
1190,,,2,25,24,20,57
1191,,,1,36,27,10,11
1192,,,2,47,36,5,5
1193,,,1,42,44,10,11
1194,,,1,42,55,10,37
1195,,,2,50,96,15,16
1196,,,1,43,13,10,10
1197,,,1,43,25,10,11
1198,,,1,43,14,10,11
1199,,,1,45,29,20,21
1200,,,2,50,18,5,6
1201,,,1,44,34,5,5
1202,,,1,44,29,5,5
1203,,,2,42,43,10,11
1204,,,1,27,23,10,10
1205,,,1,48,43,10,11
1206,,,1,48,43,10,11
1207,,,2,32,29,10,10
1208,,,1,60,24,10,10
1209,,,2,38,17,5,10
1210,,,1,56,24,10,10
1211,,,2,32,39,10,11
1212,,,1,28,19,10,11
1213,,,1,28,10,10,11
1214,,,2,38,49,5,5
1215,,,2,33,46,20,57
1216,,,1,44,28,10,11
1217,,,1,31,55,10,11
1218,,,2,31,22,40,41
1219,,,1,49,41,10,11
1220,,,1,49,23,10,10
1221,,,1,42,40,10,10
1222,,,1,30,25,10,11
1223,,,1,55,45,5,5
1224,,,1,55,31,5,5
1225,,,1,49,50,10,11
1226,,,1,35,23,10,10
1227,,,1,41,30,5,6
1228,,,1,44,38,20,21
1229,,,2,46,32,10,10
1230,,,1,36,27,15,16
1231,,,2,41,33,10,10
1232,,,1,63,60,5,8
1233,,,2,30,30,10,10
1234,,,2,30,35,10,10
1235,,,1,58,9,10,10
1236,,,1,58,10,10,10
1237,,,2,46,23,10,11
1238,,,1,12,22,15,16
1239,,,1,24,42,10,11
1240,,,1,24,35,5,5
1241,,,1,63,27,5,6
1242,,,1,63,25,5,5
1243,,,2,56,32,5,6
1244,,,2,31,35,10,10
1245,,,2,58,81,20,21
1246,,,1,40,20,10,10
1247,,,1,63,22,5,6
1248,,,2,12,18,10,10
1249,,,2,21,25,5,5
1250,,,2,49,27,5,5
1251,,,2,49,30,5,6
1252,,,1,46,68,5,6
1253,,,1,35,47,10,10
1254,,,1,39,22,20,33
1255,,,2,46,26,10,10
1256,,,2,47,48,20,32
1257,,,2,34,11,5,5
1258,,,2,34,15,5,11
1259,,,2,47,33,5,5
1260,,,2,47,28,5,5
1261,,,2,40,39,10,11
1262,,,2,57,130,10,11
1263,,,1,51,27,10,10
1264,,,1,51,23,10,11
1265,,,1,51,29,10,11
1266,,,1,54,22,5,5
1267,,,2,56,61,10,11
1268,,,2,26,34,5,5
1269,,,2,62,19,5,5
1270,,,2,62,39,5,5
1271,,,2,52,31,10,10
1272,,,2,52,9,10,11
1273,,,2,38,28,15,15
1274,,,1,26,45,10,11
1275,,,2,54,22,10,10
1276,,,1,47,18,5,5
1277,,,1,47,23,5,6
1278,,,1,22,6,5,5
1279,,,1,22,7,5,11
1280,,,1,33,13,10,11
1281,,,1,36,21,10,11
1282,,,2,20,19,10,10
1283,,,1,21,29,10,57
1284,,,2,57,39,10,11
1285,,,2,43,32,5,5
1286,,,2,43,37,5,6
1287,,,1,33,25,10,10
1288,,,2,53,40,5,5
1289,,,2,53,30,5,5
1290,,,2,59,45,5,5
1291,,,1,45,46,30,31
1292,,,1,30,35,15,16
1293,,,1,59,46,10,10
1294,,,1,61,50,15,29
1295,,,1,62,38,10,11
1296,,,1,47,18,10,11
1297,,,1,47,18,5,5
1298,,,1,56,43,5,5
1299,,,1,56,31,5,5
1300,,,1,23,14,5,5
1301,,,2,33,27,5,5
1302,,,2,33,29,10,10
1303,,,2,60,71,20,29
1304,,,1,36,52,10,33
1305,,,2,60,25,5,6
1306,,,2,60,20,5,5
1307,,,2,57,52,5,6
1308,,,1,44,45,5,5
1309,,,2,51,29,5,10
1310,,,2,51,17,5,5
1311,,,1,46,28,10,11
1312,,,2,56,69,10,10
1313,,,1,35,23,10,10
1314,,,2,22,28,10,11
1315,,,2,62,66,10,10
1316,,,1,28,52,15,16
1317,,,1,33,41,10,11
1318,,,2,33,17,5,5
1319,,,2,33,17,5,5
1320,,,2,30,29,40,41
1321,,,2,57,52,20,21
1322,,,2,39,14,5,6
1323,,,2,39,13,5,5
1324,,,2,39,17,5,5
1325,,,2,39,15,5,6
1326,,,2,33,16,10,10
1327,,,2,13,16,20,21
1328,,,1,49,50,5,6
1329,,,1,28,20,40,41
1330,,,2,39,24,10,11
1331,,,1,36,34,10,10
1332,,,2,18,37,20,21
1333,,,1,57,66,10,11
1334,,,2,42,49,10,11
1335,,,1,60,42,5,5
1336,,,1,60,29,5,5
1337,,,1,40,33,10,10
1338,,,2,54,56,5,5
1339,,,1,33,40,10,11
1340,,,2,27,17,15,16
1341,,,1,33,26,5,6
1342,,,2,35,34,10,10
1343,,,2,17,15,15,15
1344,,,2,45,31,10,10
1345,,,2,59,15,10,11
1346,,,1,29,23,20,21
1347,,,1,49,55,5,5
1348,,,1,21,41,20,60
1349,,,2,43,32,5,5
1350,,,2,43,37,5,6
1351,,,1,41,24,10,11
1352,,,1,58,39,10,11
1353,,,2,30,16,10,10
1354,,,2,34,24,10,11
1355,,,1,19,27,10,10
1356,,,1,50,18,5,11
1357,,,1,50,10,5,5
1358,,,1,44,18,5,5
1359,,,1,36,34,10,11
1360,,,2,53,51,5,6
1361,,,1,29,28,15,16
1362,,,1,61,66,5,5
1363,,,2,63,50,10,5
1364,,,2,63,50,10,11
1365,,,2,63,50,10,5
1366,,,1,55,22,5,5
1367,,,1,55,22,5,5
1368,,,2,62,30,10,10
1369,,,2,62,17,10,11
1370,,,1,51,24,5,5
1371,,,1,65,62,5,6
1372,,,1,48,22,10,10
1373,,,2,49,38,10,11
1374,,,2,33,66,10,11
1375,,,2,32,32,5,5
1376,,,2,30,32,10,11
1377,,,2,48,83,10,35
1378,,,2,54,49,20,25
1379,,,1,21,24,15,62
1380,,,1,34,25,10,11
1381,,,1,34,25,10,11
1382,,,2,21,35,49,50
1383,,,1,31,27,15,16
1384,,,2,48,46,10,11
1385,,,2,48,35,10,10
1386,,,2,28,21,10,10
1387,,,2,28,29,10,11
1388,,,2,28,15,10,11
1389,,,1,41,11,10,10
1390,,,1,41,9,10,10
1391,,,1,41,15,10,10
1392,,,1,41,11,10,10
1393,,,1,55,64,20,25
1394,,,2,33,66,10,53
1395,,,2,35,19,5,5
1396,,,2,54,45,5,5
1397,,,1,29,17,5,5
1398,,,2,33,42,10,11
1399,,,1,36,16,15,15
1400,,,2,34,47,5,5
1401,,,2,33,24,10,11
1402,,,2,40,32,10,11
1403,,,1,39,25,5,6
1404,,,2,15,18,5,6
1405,,,2,15,18,5,5
1406,,,2,29,21,20,38
1407,,,1,29,13,5,5
1408,,,1,24,21,10,65
1409,,,2,51,38,10,10
1410,,,1,25,22,5,5
1411,,,2,40,27,15,16
1412,,,1,34,28,15,16
1413,,,1,34,30,15,15
1414,,,2,46,82,20,21
1415,,,2,28,9,10,10
1416,,,2,28,17,10,10
1417,,,2,28,6,10,10
1418,,,2,28,12,10,10
1419,,,2,50,38,10,10
1420,,,1,41,28,25,25
1421,,,2,50,25,5,6
1422,,,2,50,22,5,5
1423,,,1,29,9,5,10
1424,,,2,29,21,10,11
1425,,,1,31,11,5,5
1426,,,1,31,16,5,10
1427,,,2,50,37,5,6
1428,,,1,40,27,10,11
1429,,,1,37,40,10,11
1430,,,2,41,39,15,15
1431,,,2,48,30,10,10
1432,,,1,40,24,5,6
1433,,,2,19,23,20,21
1434,,,2,48,40,5,5
1435,,,2,58,31,10,11
1436,,,2,42,34,28,29
1437,,,1,23,21,10,10
1438,,,1,23,8,10,10
1439,,,2,43,18,10,11
1440,,,2,63,45,10,11
1441,,,2,60,30,10,10
1442,,,2,41,43,10,11
1443,,,2,26,18,20,55
1444,,,2,32,17,5,10
1445,,,2,29,30,10,10
1446,,,1,34,10,5,11
1447,,,1,34,7,5,5
1448,,,1,26,19,10,53
1449,,,1,57,61,15,16
1450,,,1,32,29,10,11
1451,,,2,27,41,10,11
1452,,,2,46,38,10,10
1453,,,2,37,36,5,5
1454,,,2,37,36,5,5
1455,,,1,31,25,5,5
1456,,,1,40,11,5,10
1457,,,1,28,27,10,11
1458,,,1,58,43,5,6
1459,,,1,58,56,5,5
1460,,,2,27,57,10,60
1461,,,1,34,27,10,11
1462,,,1,34,34,10,10
1463,,,2,33,23,20,21
1464,,,1,36,42,10,11
1465,,,1,60,31,10,10
1466,,,2,33,24,10,11
1467,,,1,64,43,10,11
1468,,,1,43,19,10,10
1469,,,2,25,44,10,10
1470,,,1,46,46,10,11
1471,,,1,32,48,10,11
1472,,,2,45,29,10,11
1473,,,1,62,85,10,10
1474,,,2,57,56,5,5
1475,,,2,57,40,5,6
1476,,,1,33,32,10,11
1477,,,1,33,17,10,11
1478,,,1,28,24,10,11
1479,,,1,49,26,10,11
1480,,,2,37,7,5,5
1481,,,2,37,11,5,10
1482,,,2,30,25,10,11
1483,,,2,59,62,10,11
1484,,,2,59,46,10,10
1485,,,1,44,49,10,10
1486,,,2,57,36,5,5
1487,,,2,57,27,5,5
1488,,,1,57,28,10,11
1489,,,2,53,66,10,10
1490,,,2,58,62,15,16
1491,,,2,20,44,10,10
1492,,,2,44,32,5,6
1493,,,2,44,24,5,5
1494,,,2,12,19,10,11
1495,,,2,37,36,5,6
1496,,,2,37,37,5,5
1497,,,1,47,36,5,6
1498,,,1,19,15,5,5
1499,,,1,19,15,5,6
1500,,,2,37,43,10,11
1501,,,2,31,24,10,10
1502,,,1,20,23,5,5
1503,,,1,20,23,5,6
1504,,,1,20,25,5,6
1505,,,1,20,25,5,5
1506,,,2,38,34,20,44
1507,,,2,57,56,10,10
1508,,,1,46,29,20,21
1509,,,1,50,37,10,11
1510,,,2,29,23,5,5
1511,,,1,43,55,10,10
1512,,,2,41,31,15,16
1513,,,1,28,29,10,10
1514,,,2,58,33,5,5
1515,,,2,58,25,5,6
1516,,,2,58,11,5,6
1517,,,1,54,35,5,5
1518,,,1,54,45,5,6
1519,,,2,22,21,10,10
1520,,,2,22,19,10,10
1521,,,2,45,29,5,5
1522,,,2,45,38,5,5
1523,,,2,45,29,5,5
1524,,,1,23,12,10,11
1525,,,1,38,38,15,16
1526,,,1,38,45,5,43
1527,,,1,38,36,10,11
1528,,,1,35,24,10,11
1529,,,2,37,31,10,10
1530,,,1,25,35,20,21
1531,,,2,49,14,5,10
1532,,,2,52,68,20,29
1533,,,2,41,31,10,10
1534,,,2,49,34,20,32
1535,,,1,59,49,5,6
1536,,,1,25,32,10,10
1537,,,1,60,93,15,16
1538,,,1,60,59,10,11
1539,,,2,44,42,10,10
1540,,,1,29,31,10,50
1541,,,2,65,53,10,11
1542,,,2,29,30,10,10
1543,,,2,29,13,10,10
1544,,,1,29,15,10,11
1545,,,1,29,14,10,11
1546,,,1,29,16,10,11
1547,,,1,47,20,5,5
1548,,,1,47,20,5,5
1549,,,2,35,30,10,11
1550,,,1,44,12,5,5
1551,,,1,44,21,5,11
1552,,,2,25,12,5,10
1553,,,1,38,37,10,10
1554,,,2,27,30,10,11
1555,,,2,35,40,10,10
1556,,,2,63,44,5,5
1557,,,2,36,47,20,50
1558,,,1,49,75,10,11
1559,,,2,42,27,10,10
1560,,,1,59,81,5,5
1561,,,2,57,44,5,5
1562,,,2,65,26,5,6
1563,,,2,65,26,5,6
1564,,,2,58,30,5,5
1565,,,2,58,30,5,5
1566,,,1,37,21,10,10
1567,,,2,52,26,5,5
1568,,,2,52,35,5,5
1569,,,1,32,25,10,11
1570,,,2,60,57,10,11
1571,,,2,64,40,10,11
1572,,,2,33,31,10,11
1573,,,1,38,24,10,11
1574,,,2,39,29,10,11
1575,,,1,26,41,10,11
1576,,,1,37,42,15,16
1577,,,2,33,31,10,10
1578,,,2,63,30,10,11
1579,,,1,52,52,10,11
1580,,,1,39,33,10,10
1581,,,2,65,29,5,5
1582,,,2,65,29,5,5
1583,,,2,22,47,10,10
1584,,,2,20,22,20,21
1585,,,1,45,54,10,11
1586,,,1,31,27,10,10
1587,,,2,45,66,5,5
1588,,,2,48,30,5,5
1589,,,2,48,35,5,6
1590,,,2,47,50,15,16
1591,,,2,22,32,10,11
1592,,,2,40,51,10,11
1593,,,1,55,36,10,14
1594,,,1,55,46,10,14
1595,,,2,36,16,5,10
1596,,,2,31,24,5,6
1597,,,2,31,24,5,5
1598,,,2,31,28,5,5
1599,,,2,23,24,10,10
1600,,,2,38,41,10,10
1601,,,1,62,28,5,10
1602,,,1,46,25,20,21
1603,,,1,46,27,10,11
1604,,,2,12,75,25,61
1605,,,1,57,41,5,5
1606,,,1,12,13,15,16
1607,,,1,12,11,15,16
1608,,,1,19,10,10,11
1609,,,1,59,27,5,6
1610,,,1,25,26,10,10
1611,,,2,30,38,10,10
1612,,,2,16,28,10,11
1613,,,2,35,18,10,11
1614,,,2,35,12,10,11
1615,,,1,34,9,5,10
1616,,,2,63,54,5,5
1617,,,1,63,53,5,6
1618,,,1,63,45,5,5
1619,,,1,63,19,10,10
1620,,,1,63,16,10,10
1621,,,1,63,18,10,10
1622,,,1,63,17,10,10
1623,,,2,29,41,10,11
1624,,,1,47,45,5,5
1625,,,1,47,20,10,10
1626,,,1,14,33,20,66
1627,,,1,30,13,10,11
1628,,,1,30,23,10,11
1629,,,2,28,33,20,37
1630,,,1,50,49,10,11
1631,,,1,44,48,10,10
1632,,,1,41,27,10,10
1633,,,2,65,33,10,11
1634,,,2,34,28,10,55
1635,,,1,54,37,5,5
1636,,,1,44,27,10,11
1637,,,1,44,27,10,10
1638,,,2,30,20,10,10
1639,,,2,30,22,10,10
1640,,,2,30,36,10,11
1641,,,1,50,63,10,11
1642,,,1,18,15,5,5
1643,,,1,18,14,5,6
1644,,,2,53,25,5,6
1645,,,2,53,20,5,5
1646,,,1,30,32,10,11
1647,,,1,30,31,20,36
1648,,,1,30,27,20,36
1649,,,1,30,29,15,16
1650,,,1,51,49,10,11
1651,,,1,51,29,5,5
1652,,,1,51,38,5,5
1653,,,1,51,29,10,11
1654,,,1,51,21,10,11
1655,,,2,42,30,10,11
1656,,,2,31,36,10,10
1657,,,1,50,22,5,5
1658,,,1,50,22,5,5
1659,,,1,37,31,10,52
1660,,,2,42,41,10,11
1661,,,2,35,17,5,5
1662,,,1,50,30,15,16
1663,,,2,27,4,10,11
1664,,,2,27,44,10,11
1665,,,1,62,25,10,11
1666,,,1,62,11,10,11
1667,,,1,62,28,5,5
1668,,,1,62,32,5,6
1669,,,1,57,42,5,5
1670,,,2,28,21,5,5
1671,,,2,37,15,5,6
1672,,,2,37,14,5,5
1673,,,1,51,20,5,5
1674,,,1,51,23,5,6
1675,,,1,39,33,5,6
1676,,,1,39,35,5,5
1677,,,2,60,73,5,6
1678,,,2,29,26,10,11
1679,,,1,34,20,10,10
1680,,,1,34,11,5,10
1681,,,2,60,55,5,6
1682,,,2,31,36,10,57
1683,,,1,43,26,10,11
1684,,,2,25,38,10,11
1685,,,1,43,9,10,10
1686,,,1,43,24,10,10
1687,,,2,53,38,5,6
1688,,,1,37,46,15,16
1689,,,1,44,35,10,10
1690,,,1,34,17,5,6
1691,,,2,39,24,10,10
1692,,,1,24,22,10,10
1693,,,2,51,37,5,5
1694,,,2,51,28,5,5
1695,,,2,43,28,5,6
1696,,,1,61,46,10,11
1697,,,1,35,12,5,10
1698,,,1,35,8,5,5
1699,,,1,24,15,5,5
1700,,,2,12,28,20,21
1701,,,2,48,60,15,16
1702,,,2,48,64,15,16
1703,,,1,44,20,5,10
1704,,,1,27,24,10,11
1705,,,1,22,9,5,10
1706,,,1,22,7,5,5
1707,,,1,38,22,10,11
1708,,,1,44,63,15,16
1709,,,1,55,38,5,5
1710,,,1,55,54,5,6
1711,,,2,38,41,10,11
1712,,,1,48,33,5,10
1713,,,1,63,34,10,11
1714,,,1,15,14,5,5
1715,,,2,39,23,5,5
1716,,,2,43,28,5,5
1717,,,2,43,30,5,6
1718,,,1,31,26,10,10
1719,,,1,31,7,10,11
1720,,,2,61,66,15,16
1721,,,2,41,49,10,10
1722,,,2,49,16,5,6
1723,,,2,49,43,5,6
1724,,,2,28,24,5,6
1725,,,2,42,22,5,5
1726,,,2,42,24,5,5
1727,,,2,42,80,5,5
1728,,,1,51,51,5,5
1729,,,1,39,9,10,11
1730,,,1,39,6,10,11
1731,,,1,39,18,10,10
1732,,,2,44,39,10,11
1733,,,2,49,50,10,11
1734,,,2,48,20,5,5
1735,,,2,48,27,5,6
1736,,,1,54,56,10,10
1737,,,1,38,28,10,11
1738,,,2,30,30,10,11
1739,,,2,32,21,10,11
1740,,,2,58,61,15,16
1741,,,1,44,39,10,11
1742,,,2,44,15,5,5
1743,,,2,44,25,5,11
1744,,,2,24,40,10,10
1745,,,2,57,35,10,10
1746,,,2,57,36,10,10
1747,,,1,31,31,10,10
1748,,,1,17,18,5,5
1749,,,2,59,52,5,6
1750,,,2,59,39,5,5
1751,,,2,44,30,10,10
1752,,,2,38,41,10,11
1753,,,1,57,6,10,10
1754,,,2,64,22,10,10
1755,,,2,64,15,10,10
1756,,,2,64,6,10,10
1757,,,1,45,23,10,10
1758,,,1,55,41,5,6
1759,,,1,40,29,5,5
1760,,,1,40,13,5,10
1761,,,1,51,44,5,5
1762,,,2,27,22,5,5
1763,,,2,27,22,5,5
1764,,,2,57,44,5,6
1765,,,2,57,31,5,5
1766,,,2,12,28,10,10
1767,,,1,42,51,10,11
1768,,,1,42,11,10,10
1769,,,1,42,18,10,10
1770,,,1,42,17,10,10
1771,,,2,37,45,10,11
1772,,,1,59,50,5,6
1773,,,1,56,12,5,6
1774,,,1,56,35,5,5
1775,,,1,56,47,5,5
1776,,,2,63,42,5,5
1777,,,2,32,45,5,5
1778,,,2,63,10,3,4
1779,,,2,63,10,3,4
1780,,,2,63,9,10,10
1781,,,2,63,10,10,10
1782,,,1,56,29,5,5
1783,,,1,56,29,5,5
1784,,,2,42,35,10,10
1785,,,1,41,35,5,6
1786,,,1,41,29,5,5
1787,,,1,41,7,5,6
1788,,,1,31,38,10,11
1789,,,1,33,29,10,10
1790,,,1,48,37,25,25
1791,,,2,16,36,20,66
1792,,,2,36,22,10,11
1793,,,1,36,41,5,6
1794,,,1,36,33,5,5
1795,,,2,28,9,10,10
1796,,,2,45,28,10,11
1797,,,2,34,23,10,10
1798,,,2,45,44,10,10
1799,,,1,34,24,10,10
1800,,,1,59,33,5,6
1801,,,1,59,23,5,5
1802,,,1,29,42,10,11
1803,,,2,49,27,10,11
1804,,,1,35,27,10,11
1805,,,2,41,8,5,5
1806,,,2,41,18,10,10
1807,,,1,57,20,10,11
1808,,,1,57,24,10,10
1809,,,1,57,33,10,10
1810,,,1,57,34,10,10
1811,,,2,37,28,5,5
1812,,,1,62,35,10,11
1813,,,2,43,27,10,11
1814,,,1,48,23,24,25
1815,,,1,42,64,10,11
1816,,,2,53,41,20,33
1817,,,1,34,37,5,5
1818,,,2,35,30,10,11
1819,,,2,25,11,10,10
1820,,,2,22,38,20,21
1821,,,2,50,29,5,6
1822,,,1,48,31,22,22
1823,,,1,32,41,10,11
1824,,,1,35,31,10,10
1825,,,1,24,30,10,11
1826,,,2,46,27,10,10
1827,,,1,61,47,15,16
1828,,,2,52,30,10,10
1829,,,1,64,22,5,5
1830,,,1,51,20,10,10
1831,,,1,51,17,10,10
1832,,,1,51,18,10,10
1833,,,1,51,31,10,10
1834,,,1,61,64,15,15
1835,,,1,40,31,10,48
1836,,,1,51,110,10,11
1837,,,1,19,24,10,10
1838,,,2,59,54,5,5
1839,,,2,45,17,5,10
1840,,,1,45,30,10,10
1841,,,1,45,12,10,11
1842,,,2,35,46,20,37
1843,,,2,35,47,20,37
1844,,,2,55,31,10,11
1845,,,1,47,34,10,10
1846,,,1,47,39,5,6
1847,,,1,47,47,5,5
1848,,,2,26,33,10,11
1849,,,2,29,22,40,41
1850,,,2,35,15,5,10
1851,,,2,36,12,5,6
1852,,,2,36,12,5,5
1853,,,2,15,20,5,6
1854,,,1,28,37,10,11
1855,,,1,27,8,5,5
1856,,,1,27,11,5,5
1857,,,1,27,16,5,11
1858,,,1,27,12,5,11
1859,,,1,22,21,15,16
1860,,,2,56,23,5,5
1861,,,1,28,15,10,11
1862,,,2,34,20,10,10
1863,,,2,42,33,10,10
1864,,,2,42,79,15,16
1865,,,1,49,37,10,11
1866,,,1,32,28,10,11
1867,,,1,64,49,10,10
1868,,,2,51,38,5,5
1869,,,2,51,38,5,5
1870,,,2,36,17,5,10
1871,,,2,58,20,10,10
1872,,,2,58,19,10,10
1873,,,1,29,45,10,11
1874,,,1,38,28,5,5
1875,,,1,62,39,10,20
1876,,,1,49,88,10,11
1877,,,2,57,32,5,6
1878,,,2,29,39,10,10
1879,,,1,43,16,10,11
1880,,,2,16,28,10,11
1881,,,2,16,28,10,11
1882,,,2,55,30,5,5
1883,,,2,55,38,5,6
1884,,,2,29,32,10,10
1885,,,2,57,13,5,6
1886,,,2,57,56,5,5
1887,,,2,57,48,5,5
1888,,,1,43,36,5,5
1889,,,1,56,52,10,10
1890,,,2,47,25,5,5
1891,,,2,47,25,5,5
1892,,,2,25,40,10,10
1893,,,2,41,27,10,11
1894,,,2,48,72,5,5
1895,,,2,33,29,10,11
1896,,,1,44,17,5,6
1897,,,2,23,10,5,10
1898,,,1,50,44,5,6
1899,,,1,50,37,5,5
1900,,,1,55,44,5,6
1901,,,1,55,31,5,5
1902,,,1,25,29,10,11
1903,,,1,25,29,5,5
1904,,,2,47,34,5,6
1905,,,1,33,43,10,10
1906,,,2,27,39,10,11
1907,,,2,27,23,10,11
1908,,,1,24,63,15,16
1909,,,2,56,59,10,11
1910,,,2,41,33,10,10
1911,,,2,35,15,10,10
1912,,,1,39,15,5,6
1913,,,1,39,14,5,5
1914,,,2,46,39,10,10
1915,,,1,12,35,20,73
1916,,,1,39,29,10,11
1917,,,1,43,17,5,10
1918,,,2,32,28,10,10
1919,,,1,45,39,10,11
1920,,,1,45,17,10,11
1921,,,1,45,28,10,10
1922,,,2,44,30,5,6
1923,,,2,44,35,5,5
1924,,,1,54,66,10,11
1925,,,1,29,31,10,58
1926,,,2,43,27,10,10
1927,,,1,51,39,20,21
1928,,,2,32,32,10,11
1929,,,2,38,24,15,16
1930,,,2,23,33,15,16
1931,,,2,46,27,10,10
1932,,,1,57,58,5,6
1933,,,1,57,41,5,5
1934,,,2,22,20,10,11
1935,,,2,32,18,10,10
1936,,,2,19,11,5,11
1937,,,2,19,8,5,5
1938,,,1,31,40,10,11
1939,,,2,41,21,5,10
1940,,,1,55,39,10,10
1941,,,2,45,20,30,31
1942,,,1,36,30,5,5
1943,,,2,57,29,10,10
1944,,,2,57,24,10,10
1945,,,1,27,47,20,60
1946,,,2,38,22,10,11
1947,,,2,28,45,10,11
1948,,,2,44,27,10,37
1949,,,2,30,30,10,11
1950,,,1,64,39,5,6
1951,,,2,36,38,5,5
1952,,,1,54,27,10,11
1953,,,1,29,34,10,53
1954,,,1,53,72,5,5
1955,,,1,53,63,5,6
1956,,,2,31,47,10,11
1957,,,1,47,30,10,11
1958,,,1,38,57,10,11
1959,,,2,33,22,10,10
1960,,,2,51,31,10,11
1961,,,1,44,45,15,16
1962,,,1,49,66,10,36
1963,,,1,29,27,5,6
1964,,,1,32,30,10,11
1965,,,1,52,56,15,16
1966,,,1,39,31,10,10
1967,,,1,39,17,5,5
1968,,,2,44,28,15,16
1969,,,1,42,18,5,6
1970,,,1,55,24,10,11
1971,,,1,27,22,10,54
1972,,,1,27,26,10,11
1973,,,2,29,32,5,5
1974,,,2,29,33,5,6
1975,,,2,31,27,10,11
1976,,,2,31,10,10,11
1977,,,1,32,44,10,11
1978,,,1,31,34,15,16
1979,,,1,39,41,10,10
1980,,,1,43,5,10,10
1981,,,1,43,10,10,10
1982,,,1,58,34,10,11
1983,,,1,37,11,5,10
1984,,,1,33,9,10,10
1985,,,1,33,27,10,11
1986,,,1,34,18,5,6
1987,,,1,34,23,10,10
1988,,,1,34,40,10,11
1989,,,1,34,13,5,5
1990,,,1,34,13,5,6
1991,,,2,48,43,10,11
1992,,,1,26,23,5,5
1993,,,2,57,28,5,5
1994,,,2,57,28,5,5
1995,,,2,57,28,5,5
1996,,,2,57,28,5,5
1997,,,1,62,63,5,6
1998,,,1,43,27,5,6
1999,,,1,28,33,10,11
2000,,,1,32,19,10,11
2001,,,1,32,27,10,11
2002,,,1,54,35,5,5
2003,,,1,54,45,5,6
2004,,,1,58,82,5,6
2005,,,1,25,18,10,11
2006,,,2,49,53,10,11
2007,,,2,28,14,5,5
2008,,,2,28,14,5,6
2009,,,2,48,39,10,11
2010,,,1,56,20,10,11
2011,,,2,21,12,10,10
2012,,,2,21,39,10,11
2013,,,2,37,30,5,6
2014,,,2,37,20,10,10
2015,,,1,60,86,10,10
2016,,,2,40,35,10,11
2017,,,2,40,18,10,10
2018,,,2,56,26,10,10
2019,,,2,56,7,10,11
2020,,,1,53,52,10,11
2021,,,1,58,47,10,11
2022,,,2,53,55,5,5
2023,,,2,50,38,5,6
2024,,,2,46,33,5,5
2025,,,2,30,13,5,5
2026,,,2,50,10,5,5
2027,,,2,27,26,10,11
2028,,,2,26,9,10,11
2029,,,2,26,3,10,11
2030,,,2,26,29,10,11
2031,,,1,37,17,5,5
2032,,,1,45,36,10,11
2033,,,2,60,53,5,5
2034,,,2,60,53,5,5
2035,,,2,26,22,5,5
2036,,,2,65,42,10,10
2037,,,2,27,35,10,10
2038,,,2,43,25,5,5
2039,,,2,30,27,10,10
2040,,,1,26,24,15,16
2041,,,2,34,8,5,5
2042,,,2,34,12,5,10
2043,,,2,55,27,10,11
2044,,,2,41,45,15,16
2045,,,2,64,24,10,10
2046,,,2,64,23,10,10
2047,,,2,64,30,10,11
2048,,,1,36,9,5,5
2049,,,1,36,11,5,5
2050,,,1,53,33,10,10
2051,,,2,50,47,5,6
2052,,,2,50,36,5,5
2053,,,2,40,28,20,33
2054,,,1,26,24,10,10
2055,,,1,26,42,10,11
2056,,,1,20,22,5,5
2057,,,1,20,24,5,5
2058,,,1,41,42,10,46
2059,,,1,27,22,10,11
2060,,,2,27,23,10,11
2061,,,2,35,26,5,5
2062,,,2,35,16,5,5
2063,,,2,47,40,5,5
2064,,,2,15,17,10,11
2065,,,2,29,10,10,11
2066,,,2,29,7,10,11
2067,,,2,29,15,10,11
2068,,,2,29,16,10,10
2069,,,1,36,31,10,11
2070,,,1,32,41,10,11
2071,,,2,62,15,10,10
2072,,,1,18,24,10,11
2073,,,1,18,14,10,11
2074,,,2,58,52,10,10
2075,,,2,19,19,5,5
2076,,,2,32,32,10,11
2077,,,1,46,46,10,10
2078,,,1,36,38,5,6
2079,,,1,33,15,5,5
2080,,,2,36,28,10,11
2081,,,2,56,42,5,34
2082,,,1,29,27,10,11
2083,,,1,39,19,10,11
2084,,,1,39,25,10,11
2085,,,1,39,9,5,5
2086,,,1,39,15,5,10
2087,,,1,49,38,10,11
2088,,,1,44,14,5,10
2089,,,1,41,39,10,42
2090,,,1,41,65,10,43
2091,,,1,41,46,10,43
2092,,,1,34,41,10,10
2093,,,1,39,29,15,15
2094,,,1,35,32,10,11
2095,,,2,35,31,5,5
2096,,,1,63,44,10,10
2097,,,1,63,43,10,10
2098,,,2,57,45,5,5
2099,,,2,57,62,5,6
2100,,,2,35,22,5,5
2101,,,2,35,26,5,6
2102,,,2,43,53,5,5
2103,,,1,32,26,10,10
2104,,,1,53,28,5,5
2105,,,1,53,39,5,6
2106,,,1,40,29,10,10
2107,,,2,62,53,10,11
2108,,,1,26,44,10,11
2109,,,2,31,36,10,51
2110,,,2,31,31,5,5
2111,,,1,26,29,10,10
2112,,,1,26,15,10,10
2113,,,1,56,56,5,6
2114,,,2,28,23,10,10
2115,,,1,58,57,5,5
2116,,,1,58,57,5,5
2117,,,1,45,57,10,11
2118,,,2,62,51,10,11
2119,,,1,48,57,5,6
2120,,,1,48,46,5,5
2121,,,2,26,34,10,11
2122,,,1,29,40,10,11
2123,,,2,35,34,10,11
2124,,,2,60,64,10,11
2125,,,2,35,31,10,10
2126,,,2,37,25,5,5
2127,,,2,37,18,10,11
2128,,,1,12,22,10,11
2129,,,1,45,24,15,16
2130,,,1,59,38,5,5
2131,,,2,62,48,14,14
2132,,,2,50,24,5,5
2133,,,2,50,24,5,5
2134,,,2,50,14,10,5
2135,,,2,50,14,10,5
2136,,,1,51,19,5,5
2137,,,1,47,14,5,5
2138,,,1,47,27,5,11
2139,,,1,27,28,5,5
2140,,,2,23,28,10,56
2141,,,2,23,28,10,10
2142,,,2,35,14,10,11
2143,,,2,35,35,10,10
2144,,,2,34,32,10,11
2145,,,1,50,23,5,10
2146,,,2,52,19,10,11
2147,,,2,30,13,10,11
2148,,,2,30,16,10,11
2149,,,1,16,20,5,5
2150,,,1,48,40,15,16
2151,,,1,34,38,10,11
2152,,,1,33,24,10,11
2153,,,1,51,48,15,15
2154,,,2,62,28,3,4
2155,,,2,62,15,10,11
2156,,,1,32,37,10,10
2157,,,1,39,3,10,10
2158,,,1,39,2,10,10
2159,,,2,62,50,10,10
2160,,,2,34,28,10,11
2161,,,1,44,26,10,10
2162,,,2,26,16,5,5
2163,,,2,52,35,10,10
2164,,,1,45,41,15,15
2165,,,1,58,63,10,11
2166,,,2,41,15,10,10
2167,,,2,41,20,10,10
2168,,,1,40,19,5,6
2169,,,2,60,48,10,10
2170,,,1,53,39,10,10
2171,,,1,26,44,10,10
2172,,,2,65,35,10,10
2173,,,2,65,34,10,10
2174,,,2,65,10,10,10
2175,,,1,50,36,10,35
2176,,,1,55,54,10,10
2177,,,1,64,33,10,11
2178,,,2,25,12,5,10
2179,,,1,31,20,10,11
2180,,,2,50,26,5,6
2181,,,1,30,38,10,11
2182,,,1,46,45,10,10
2183,,,1,32,25,10,10
2184,,,2,31,19,10,11
2185,,,2,31,34,10,10
2186,,,1,31,29,10,10
2187,,,1,22,22,10,11
2188,,,1,14,22,20,21
2189,,,2,30,46,10,11
2190,,,1,25,32,15,16
2191,,,1,31,50,5,5
2192,,,1,55,160,5,5
2193,,,1,55,130,5,5
2194,,,2,33,22,5,6
2195,,,2,26,27,10,11
2196,,,1,29,22,10,10
2197,,,2,30,53,20,56
2198,,,1,38,8,5,6
2199,,,1,38,21,5,6
2200,,,1,56,11,10,11
2201,,,2,33,21,10,10
2202,,,2,41,35,5,5
2203,,,2,42,13,5,10
2204,,,2,42,30,5,5
2205,,,2,40,30,5,5
2206,,,2,40,32,5,6
2207,,,2,37,20,15,16
2208,,,2,46,25,10,11
2209,,,2,46,13,10,11
2210,,,2,32,33,10,10
2211,,,2,38,46,10,11
2212,,,1,61,8,10,10
2213,,,2,52,38,10,10
2214,,,2,55,48,5,5
2215,,,2,55,37,5,5
2216,,,1,60,43,5,10
2217,,,1,60,21,5,5
2218,,,2,52,21,10,11
2219,,,2,52,11,10,11
2220,,,2,52,13,10,10
2221,,,2,34,45,10,11
2222,,,1,61,40,5,6
2223,,,1,61,31,5,5
2224,,,1,24,22,10,10
2225,,,1,53,45,10,11
2226,,,2,47,85,15,20
2227,,,2,47,80,15,20
2228,,,1,50,39,5,5
2229,,,2,47,31,10,10
2230,,,1,25,22,10,10
2231,,,2,12,17,10,10
2232,,,2,26,33,15,16
2233,,,1,36,48,10,50
2234,,,1,25,42,20,59
2235,,,1,25,32,20,62
2236,,,2,44,36,5,5
2237,,,2,54,22,10,10
2238,,,2,54,16,10,11
2239,,,1,58,30,10,10
2240,,,1,58,32,10,11
2241,,,1,58,21,10,11
2242,,,1,33,42,10,10
2243,,,1,33,39,10,11
2244,,,1,33,22,10,11
2245,,,2,41,48,15,16
2246,,,1,53,32,10,11
2247,,,1,53,21,10,11
2248,,,1,40,7,10,10
2249,,,2,39,29,10,11
2250,,,2,26,34,10,11
2251,,,2,23,27,5,5
2252,,,2,23,27,5,5
2253,,,2,26,26,15,16
2254,,,1,39,44,10,10
2255,,,1,39,29,10,11
2256,,,1,47,38,10,11
2257,,,2,40,31,10,11
2258,,,2,41,32,10,11
2259,,,2,28,15,5,6
2260,,,2,28,17,5,6
2261,,,2,50,32,5,5
2262,,,2,50,32,5,5
2263,,,1,54,16,5,5
2264,,,2,56,64,10,11
2265,,,2,26,13,5,5
2266,,,2,44,12,10,10
2267,,,2,59,56,10,11
2268,,,2,63,35,5,6
2269,,,2,63,26,5,5
2270,,,2,35,23,5,6
2271,,,2,45,18,10,10
2272,,,1,61,26,10,10
2273,,,1,61,49,10,10
2274,,,2,37,44,10,10
2275,,,1,47,82,10,37
2276,,,1,48,27,10,10
2277,,,2,58,32,5,5
2278,,,2,26,25,10,11
2279,,,2,24,17,10,11
2280,,,2,24,27,10,11
2281,,,2,50,28,5,5
2282,,,2,35,36,10,11
2283,,,2,41,20,10,11
2284,,,1,29,10,10,11
2285,,,1,29,18,10,11
2286,,,1,29,27,10,11
2287,,,2,26,33,10,10
2288,,,2,63,69,5,5
2289,,,2,26,26,20,21
2290,,,1,15,11,5,5
2291,,,2,20,40,10,11
2292,,,2,30,57,5,6
2293,,,1,33,25,5,5
2294,,,1,33,23,10,11
2295,,,1,50,21,5,5
2296,,,1,50,26,5,6
2297,,,1,50,8,5,6
2298,,,1,40,29,10,11
2299,,,2,12,23,10,10
2300,,,1,61,35,5,5
2301,,,1,63,79,10,11
2302,,,1,33,19,30,30
2303,,,1,52,28,5,5
2304,,,1,52,35,5,6
2305,,,1,54,31,10,11
2306,,,2,61,30,10,10
2307,,,2,54,53,5,5
2308,,,2,54,67,5,6
2309,,,1,52,72,5,17
2310,,,2,33,23,10,11
2311,,,1,17,27,5,5
2312,,,1,17,23,5,5
2313,,,1,39,29,5,5
2314,,,1,30,38,10,10
2315,,,1,36,22,5,5
2316,,,1,36,26,5,6
2317,,,2,32,15,5,5
2318,,,2,32,27,10,10
2319,,,2,23,37,10,10
2320,,,1,38,30,10,10
2321,,,1,38,19,10,10
2322,,,2,58,24,5,5
2323,,,2,58,43,5,6
2324,,,2,58,43,5,6
2325,,,2,44,19,5,5
2326,,,1,50,68,10,10
2327,,,1,43,48,10,11
2328,,,2,40,51,10,10
2329,,,2,34,36,10,10
2330,,,1,45,42,10,11
2331,,,2,58,22,5,5
2332,,,2,58,28,5,6
2333,,,2,58,36,5,5
2334,,,2,44,20,5,5
2335,,,2,44,22,5,5
2336,,,2,51,21,5,5
2337,,,2,51,24,5,6
2338,,,1,44,20,5,6
2339,,,1,26,30,15,16
2340,,,2,40,31,5,5
2341,,,2,40,31,5,5
2342,,,2,41,35,10,11
2343,,,1,31,30,5,6
2344,,,2,34,49,10,11
2345,,,1,38,26,15,16
2346,,,2,56,29,5,10
2347,,,2,49,20,10,10
2348,,,1,48,31,10,11
2349,,,2,26,35,10,11
2350,,,2,57,31,5,5
2351,,,1,35,36,10,11
2352,,,2,27,39,10,11
2353,,,2,27,32,10,11
2354,,,1,41,32,10,11
2355,,,1,41,12,10,11
2356,,,2,32,31,10,11
2357,,,1,38,24,10,11
2358,,,1,58,42,5,5
2359,,,1,58,33,5,5
2360,,,1,20,28,10,11
2361,,,1,44,31,5,5
2362,,,2,44,16,5,5
2363,,,2,23,11,5,10
2364,,,2,25,14,5,10
2365,,,2,42,33,20,26
2366,,,2,42,28,20,26
2367,,,2,45,55,10,11
2368,,,2,32,25,10,10
2369,,,2,27,47,10,54
2370,,,2,35,23,10,11
2371,,,1,45,14,5,5
2372,,,2,33,31,10,10
2373,,,2,33,12,10,11
