PRODUCT_RATE_PK,PRODUCT_CODE,AGE,GENDER,RATE,PY,GY,SD,MR,COMPANY_INDEX,PRODUCT_INDEX,CNT_INDEX,HIT,SUM_PGA_HIT,SUM_A_HIT,HIT_INDEX,USER_INDEX,TOTAL_INDEX
1,E10001,20,1,15035,10,10,90,200000,85.02,39.08,0,1,2,176,1.14,0.11,47.9
2,E10001,20,2,17072,10,10,90,200000,85.02,38.87,2.55,1,2,176,1.14,2.41,48.18
3,E10001,25,1,16587,10,10,90,200000,85.02,39.08,0,1,2,176,1.14,0.11,47.9
4,E10001,25,2,17945,10,10,90,200000,85.02,38.87,0,1,2,176,1.14,0.11,47.79
5,E10001,30,1,16684,10,10,90,200000,85.02,38.98,0,1,2,176,1.14,0.11,47.85
6,E10001,30,2,17654,10,10,90,200000,85.02,38.86,14.29,1,2,176,1.14,12.98,49.93
7,E10001,35,1,16490,10,10,90,200000,85.02,38.98,3.62,1,2,176,1.14,3.37,48.39
8,E10001,35,2,17654,10,10,90,200000,85.02,38.86,0,1,2,176,1.14,0.11,47.79
9,E10001,40,1,16684,10,10,90,200000,85.02,38.92,2.15,1,2,176,1.14,2.05,48.14
10,E10001,40,2,17557,10,10,90,200000,85.02,38.81,0,1,2,176,1.14,0.11,47.76
11,E10001,45,1,17557,10,10,90,200000,85.02,38.92,23.66,1,2,176,1.14,21.41,51.37
12,E10001,45,2,18624,10,10,90,200000,85.02,38.81,6.79,1,2,176,1.14,6.23,48.78
13,E10001,50,1,18721,10,10,90,200000,85.02,38.74,7.97,1,1,162,0.62,7.24,48.92
14,E10001,50,2,20855,10,10,90,200000,85.02,38.55,22.57,1,1,162,0.62,20.38,51.01
15,E10002,20,1,20564,10,10,90,200000,85.02,50.44,0,1,2,176,1.14,0.11,53.58
16,E10002,20,2,22892,10,10,90,200000,85.02,49.92,12.76,1,2,176,1.14,11.6,55.23
17,E10002,25,1,24929,10,10,90,200000,85.02,50.44,2.86,1,2,176,1.14,2.69,54.01
18,E10002,25,2,25123,10,10,90,200000,85.02,49.92,7.65,1,2,176,1.14,7,54.47
19,E10002,30,1,28130,10,10,90,200000,85.02,48.05,32.66,1,2,176,1.14,29.51,57.28
20,E10002,30,2,25608,10,10,90,200000,85.02,49.1,16.33,1,2,176,1.14,14.81,55.36
21,E10002,35,1,31913,10,10,90,200000,85.02,48.05,19.95,1,2,176,1.14,18.07,55.38
22,E10002,35,2,27063,10,10,90,200000,85.02,49.1,18.37,1,2,176,1.14,16.65,55.67
23,E10002,40,1,38121,10,10,90,200000,85.02,45.89,8.6,1,2,176,1.14,7.85,52.59
24,E10002,40,2,30361,10,10,90,200000,85.02,47.22,13.58,1,2,176,1.14,12.34,54.01
25,E10002,45,1,46463,10,10,90,200000,85.02,45.89,8.6,1,2,176,1.14,7.85,52.59
26,E10002,45,2,37248,10,10,90,200000,85.02,47.22,22.64,1,2,176,1.14,20.49,55.37
27,E10002,50,1,53738,10,10,90,200000,85.02,44.76,5.31,1,1,162,0.62,4.84,51.53
28,E10002,50,2,45590,10,10,90,200000,85.02,45.5,2.82,1,1,162,0.62,2.6,51.52
29,E10003,20,1,13140,10,10,90,0,99.47,51.96,0,1,2,176,1.14,0.11,59.16
30,E10003,20,2,16540,10,10,90,0,99.47,48.9,2.55,1,2,176,1.14,2.41,58.01
31,E10003,25,1,13860,10,10,90,0,99.47,51.96,0,1,2,176,1.14,0.11,59.16
32,E10003,25,2,16700,10,10,90,0,99.47,48.9,2.55,1,2,176,1.14,2.41,58.01
33,E10003,30,1,15750,10,10,90,0,99.47,47.71,3.62,1,2,176,1.14,3.37,57.57
34,E10003,30,2,16290,10,10,90,0,99.47,48.44,6.12,1,2,176,1.14,5.62,58.31
35,E10003,35,1,20770,10,10,90,0,99.47,47.71,23.58,1,2,176,1.14,21.34,60.57
36,E10003,35,2,18120,10,10,90,0,99.47,48.44,14.29,1,2,176,1.14,12.98,59.54
37,E10003,40,1,29760,10,10,90,0,99.47,42.02,23.66,1,2,176,1.14,21.41,57.74
38,E10003,40,2,22370,10,10,90,0,99.47,44.2,11.32,1,2,176,1.14,10.3,56.97
39,E10003,45,1,39370,10,10,90,0,99.47,42.02,15.06,1,2,176,1.14,13.67,56.45
40,E10003,45,2,29120,10,10,90,0,99.47,44.2,4.52,1,2,176,1.14,4.18,55.95
41,E10003,50,1,48640,10,10,90,0,99.47,40.17,10.63,1,1,162,0.62,9.63,54.85
42,E10003,50,2,37080,10,10,90,0,99.47,41.59,0,1,1,162,0.62,0.06,53.96
43,E10004,20,1,13140,20,20,90,0,99.47,42.89,0,1,2,176,1.14,0.11,54.62
44,E10004,20,2,16700,20,20,90,0,99.47,42.06,2.55,1,2,176,1.14,2.41,54.59
45,E10004,25,1,17270,20,20,90,0,99.47,42.89,0,1,2,176,1.14,0.11,54.62
46,E10004,25,2,17650,20,20,90,0,99.47,42.06,0,1,2,176,1.14,0.11,54.21
47,E10004,30,1,22640,20,20,90,0,99.47,39.8,5.44,1,2,176,1.14,5.01,53.89
48,E10004,30,2,17630,20,20,90,0,99.47,40.96,0,1,2,176,1.14,0.11,53.66
49,E10004,35,1,30340,20,20,90,0,99.47,39.8,16.33,1,2,176,1.14,14.81,55.53
50,E10004,35,2,23800,20,20,90,0,99.47,40.96,4.08,1,2,176,1.14,3.79,54.27
51,E10004,40,1,40080,20,20,90,0,99.47,38.11,4.3,1,2,176,1.14,3.98,52.88
52,E10004,40,2,30190,20,20,90,0,99.47,38.89,0,1,2,176,1.14,0.11,52.62
53,E10004,45,1,49340,20,20,90,0,99.47,38.11,2.15,1,2,176,1.14,2.05,52.55
54,E10004,45,2,37580,20,20,90,0,99.47,38.89,0,1,2,176,1.14,0.11,52.62
55,E10004,50,1,53630,20,20,90,0,99.47,37.7,2.65,1,1,162,0.62,2.45,52.42
56,E10004,50,2,41670,20,20,90,0,99.47,38.29,2.82,1,1,162,0.62,2.6,52.74
57,E10006,20,1,8900,10,10,90,0,68.94,51.98,11.47,1,2,176,1.14,10.44,50.71
58,E10006,20,2,11500,10,10,90,0,68.94,48.97,0,1,2,176,1.14,0.11,47.48
59,E10006,25,1,9650,10,10,90,0,68.94,51.98,0,1,2,176,1.14,0.11,48.99
60,E10006,25,2,11650,10,10,90,0,68.94,48.97,0,1,2,176,1.14,0.11,47.48
61,E10006,30,1,11050,10,10,90,0,68.94,47.79,0,1,2,176,1.14,0.11,46.89
62,E10006,30,2,11550,10,10,90,0,68.94,48.45,4.08,1,2,176,1.14,3.79,47.84
63,E10006,35,1,14600,10,10,90,0,68.94,47.79,0,1,2,176,1.14,0.11,46.89
64,E10006,35,2,12650,10,10,90,0,68.94,48.45,4.08,1,2,176,1.14,3.79,47.84
65,E10006,40,1,21250,10,10,90,0,68.94,42.5,4.3,1,2,176,1.14,3.98,44.89
66,E10006,40,2,15350,10,10,90,0,68.94,44.9,9.05,1,2,176,1.14,8.26,46.81
67,E10006,45,1,28600,10,10,90,0,68.94,42.5,10.75,1,2,176,1.14,9.79,45.86
68,E10006,45,2,19600,10,10,90,0,68.94,44.9,11.32,1,2,176,1.14,10.3,47.15
69,E10006,50,1,35050,10,10,90,0,68.94,40.58,7.97,1,2,162,1.23,7.3,44.49
70,E10006,50,2,25450,10,10,90,0,68.94,41.82,19.75,1,2,162,1.23,17.9,46.87
71,E10006,55,1,40700,10,10,90,0,68.94,40.58,21.27,1,2,162,1.23,19.27,46.48
72,E10006,55,2,31200,10,10,90,0,68.94,41.82,19.75,1,2,162,1.23,17.9,46.87
73,E10006,60,1,44550,10,10,90,0,68.94,39.97,58.06,1,2,102,1.96,52.45,51.71
74,E10006,60,2,35550,10,10,90,0,68.94,40.71,40.74,1,2,102,1.96,36.86,49.48
75,E10006,65,1,46100,10,10,90,0,68.94,39.97,94.35,1,2,102,1.96,85.11,57.15
76,E10006,65,2,37550,10,10,90,0,68.94,40.71,52.38,1,2,102,1.96,47.34,51.23
77,E10006,70,1,46500,10,10,90,0,68.94,39.89,0,1,1,10,10,1,43.09
78,E10006,70,2,35300,10,10,90,0,68.94,40.85,0,1,1,10,10,1,43.57
79,E10007,20,1,10250,20,20,90,0,68.94,43.12,0,1,2,176,1.14,0.11,44.56
80,E10007,20,2,11800,20,20,90,0,68.94,42.66,0,1,2,176,1.14,0.11,44.33
81,E10007,25,1,12200,20,20,90,0,68.94,43.12,0,1,2,176,1.14,0.11,44.56
82,E10007,25,2,12400,20,20,90,0,68.94,42.66,0,1,2,176,1.14,0.11,44.33
83,E10007,30,1,16150,20,20,90,0,68.94,40.56,0,1,2,176,1.14,0.11,43.28
84,E10007,30,2,13600,20,20,90,0,68.94,41.55,0,1,2,176,1.14,0.11,43.77
85,E10007,35,1,21950,20,20,90,0,68.94,40.56,0,1,2,176,1.14,0.11,43.28
86,E10007,35,2,16400,20,20,90,0,68.94,41.55,0,1,2,176,1.14,0.11,43.77
87,E10007,40,1,29100,20,20,90,0,68.94,39.03,2.15,1,2,176,1.14,2.05,42.84
88,E10007,40,2,20800,20,20,90,0,68.94,39.86,0,1,2,176,1.14,0.11,42.93
89,E10007,45,1,36100,20,20,90,0,68.94,39.03,0,1,2,176,1.14,0.11,42.51
90,E10007,45,2,26100,20,20,90,0,68.94,39.86,2.26,1,2,176,1.14,2.15,43.27
91,E10007,50,1,41800,20,20,90,0,68.94,38.48,0,1,2,162,1.23,0.12,42.24
92,E10007,50,2,31700,20,20,90,0,68.94,38.95,2.82,1,2,162,1.23,2.66,42.9
93,E10007,55,1,46000,20,20,90,0,68.94,38.48,7.97,1,2,162,1.23,7.3,43.44
94,E10007,55,2,36150,20,20,90,0,68.94,38.95,5.64,1,2,162,1.23,5.2,43.32
95,E10007,60,1,48450,20,20,90,0,68.94,38.33,0,1,1,102,0.98,0.1,42.16
96,E10007,60,2,37750,20,20,90,0,68.94,38.74,0,1,1,102,0.98,0.1,42.37
97,E10008,20,1,8500,5,5,90,0,77.44,89.43,45.89,1,2,176,1.14,41.42,77.43
98,E10008,20,2,10900,5,5,90,0,77.44,77.27,7.65,1,2,176,1.14,7,65.62
99,E10008,25,1,8900,5,5,90,0,77.44,89.43,14.34,1,2,176,1.14,13.02,72.7
100,E10008,25,2,11900,5,5,90,0,77.44,77.27,17.86,1,2,176,1.14,16.19,67.15
101,E10008,30,1,9200,5,5,90,0,77.44,84.14,14.51,1,2,176,1.14,13.17,70.08
102,E10008,30,2,12000,5,5,90,0,77.44,74.71,0,1,2,176,1.14,0.11,63.19
103,E10008,35,1,10200,5,5,90,0,77.44,84.14,39.91,1,2,176,1.14,36.03,73.89
104,E10008,35,2,12400,5,5,90,0,77.44,74.71,44.92,1,2,176,1.14,40.54,69.93
105,E10008,40,1,15700,5,5,90,0,77.44,61.74,21.51,1,2,176,1.14,19.47,59.93
106,E10008,40,2,15400,5,5,90,0,77.44,64.15,27.17,1,2,176,1.14,24.57,61.98
107,E10008,45,1,22100,5,5,90,0,77.44,61.74,25.81,1,2,176,1.14,23.34,60.57
108,E10008,45,2,18900,5,5,90,0,77.44,64.15,45.29,1,2,176,1.14,40.88,64.7
109,E10008,50,1,26800,5,5,90,0,77.44,53.1,26.59,1,2,162,1.23,24.05,56.37
110,E10008,50,2,26000,5,5,90,0,77.44,53.12,67.71,1,2,162,1.23,61.06,62.55
111,E10008,55,1,32800,5,5,90,0,77.44,53.1,15.95,1,2,162,1.23,14.48,54.78
112,E10008,55,2,33500,5,5,90,0,77.44,53.12,36.68,1,2,162,1.23,33.14,57.9
113,E10009,20,1,7800,10,10,90,0,77.44,66.02,5.73,1,2,176,1.14,5.27,59.7
114,E10009,20,2,10700,10,10,90,0,77.44,58.41,0,1,2,176,1.14,0.11,55.04
115,E10009,25,1,8200,10,10,90,0,77.44,66.02,0,1,2,176,1.14,0.11,58.84
116,E10009,25,2,11300,10,10,90,0,77.44,58.41,7.65,1,2,176,1.14,7,56.19
117,E10009,30,1,8900,10,10,90,0,77.44,58.88,0,1,2,176,1.14,0.11,55.27
118,E10009,30,2,11600,10,10,90,0,77.44,55.91,4.08,1,2,176,1.14,3.79,54.4
119,E10009,35,1,12600,10,10,90,0,77.44,58.88,0,1,2,176,1.14,0.11,55.27
120,E10009,35,2,13500,10,10,90,0,77.44,55.91,0,1,2,176,1.14,0.11,53.79
121,E10009,40,1,19600,10,10,90,0,77.44,47.93,10.75,1,2,176,1.14,9.79,51.41
122,E10009,40,2,17300,10,10,90,0,77.44,49.09,6.79,1,2,176,1.14,6.23,51.4
123,E10009,45,1,25900,10,10,90,0,77.44,47.93,27.96,1,2,176,1.14,25.28,53.99
124,E10009,45,2,23400,10,10,90,0,77.44,49.09,4.52,1,2,176,1.14,4.18,51.06
125,E10009,50,1,31800,10,10,90,0,77.44,44.47,15.95,1,2,162,1.23,14.48,50.46
126,E10009,50,2,31800,10,10,90,0,77.44,44.35,14.1,1,2,162,1.23,12.81,50.12
127,E10009,55,1,38400,10,10,90,0,77.44,44.47,10.63,1,2,162,1.23,9.69,49.66
128,E10009,55,2,39800,10,10,90,0,77.44,44.35,14.1,1,2,162,1.23,12.81,50.12
129,E10010,20,1,16300,15,15,90,500000,83.93,34.45,0,1,2,176,1.14,0.11,45.22
130,E10010,20,2,19300,15,15,90,500000,83.93,34.32,0,1,2,176,1.14,0.11,45.16
131,E10010,25,1,17700,15,15,90,500000,83.93,34.45,0,1,2,176,1.14,0.11,45.22
132,E10010,25,2,18700,15,15,90,500000,83.93,34.32,0,1,2,176,1.14,0.11,45.16
133,E10010,30,1,22000,15,15,90,500000,83.93,34.01,0,1,2,176,1.14,0.11,45
134,E10010,30,2,19500,15,15,90,500000,83.93,34.2,2.04,1,2,176,1.14,1.95,45.4
135,E10010,35,1,29700,15,15,90,500000,83.93,34.01,5.44,1,2,176,1.14,5.01,45.82
136,E10010,35,2,22700,15,15,90,500000,83.93,34.2,0,1,2,176,1.14,0.11,45.1
137,E10010,40,1,40600,15,15,90,500000,83.93,33.64,0,1,2,176,1.14,0.11,44.82
138,E10010,40,2,29400,15,15,90,500000,83.93,33.82,0,1,2,176,1.14,0.11,44.91
139,E10010,45,1,51600,15,15,90,500000,83.93,33.64,4.3,1,2,176,1.14,3.98,45.46
140,E10010,45,2,37700,15,15,90,500000,83.93,33.82,2.26,1,2,176,1.14,2.15,45.25
141,E10010,50,1,61300,15,15,90,500000,83.93,33.51,0,1,2,162,1.23,0.12,44.75
142,E10010,50,2,46900,15,15,90,500000,83.93,33.6,0,1,2,162,1.23,0.12,44.8
143,E10010,55,1,67600,15,15,90,500000,83.93,33.51,0,1,2,162,1.23,0.12,44.75
144,E10010,55,2,54800,15,15,90,500000,83.93,33.6,2.82,1,2,162,1.23,2.66,45.22
145,E10010,60,1,72100,15,15,90,500000,83.93,33.47,0,1,2,102,1.96,0.2,44.75
146,E10010,60,2,60700,15,15,90,500000,83.93,33.53,0,1,2,102,1.96,0.2,44.78
147,E10010,65,1,74400,15,15,90,500000,83.93,33.47,36.28,1,2,102,1.96,32.85,50.19
148,E10010,65,2,61300,15,15,90,500000,83.93,33.53,34.92,1,2,102,1.96,31.62,50.01
149,E10011,20,1,10082,10,10,90,0,75.02,57.28,0,1,2,176,1.14,0.11,53.67
150,E10011,20,2,13266,10,10,90,0,75.02,53.69,0,1,2,176,1.14,0.11,51.87
151,E10011,25,1,10684,10,10,90,0,75.02,57.28,0,1,2,176,1.14,0.11,53.67
152,E10011,25,2,13198,10,10,90,0,75.02,53.69,0,1,2,176,1.14,0.11,51.87
153,E10011,30,1,12574,10,10,90,0,75.02,52.25,5.44,1,2,176,1.14,5.01,51.97
154,E10011,30,2,14482,10,10,90,0,75.02,51.43,6.12,1,2,176,1.14,5.62,51.66
155,E10011,35,1,17141,10,10,90,0,75.02,52.25,0,1,2,176,1.14,0.11,51.15
156,E10011,35,2,17473,10,10,90,0,75.02,51.43,0,1,2,176,1.14,0.11,50.74
157,E10011,40,1,22830,10,10,90,0,75.02,47.08,12.9,1,2,176,1.14,11.72,50.5
158,E10011,40,2,22329,10,10,90,0,75.02,47.3,9.05,1,2,176,1.14,8.26,50.03
159,E10011,45,1,30519,10,10,90,0,75.02,47.08,2.15,1,2,176,1.14,2.05,48.89
160,E10011,45,2,29387,10,10,90,0,75.02,47.3,0,1,2,176,1.14,0.11,48.68
161,E10011,50,1,42756,10,10,90,0,75.02,44.34,13.29,1,2,162,1.23,12.08,49.19
162,E10011,50,2,40911,10,10,90,0,75.02,44.51,16.92,1,2,162,1.23,15.35,49.82
163,E10011,55,1,49722,10,10,90,0,75.02,44.34,23.93,1,2,162,1.23,21.66,50.79
164,E10011,55,2,47458,10,10,90,0,75.02,44.51,31.03,1,2,162,1.23,28.05,51.94
165,E10011,60,1,50607,10,10,90,0,75.02,44.02,79.83,1,1,102,0.98,71.95,59.01
166,E10011,60,2,45839,10,10,90,0,75.02,44.37,23.28,1,1,102,0.98,21.05,50.7
167,E10012,20,1,10591,15,15,90,0,75.02,50.73,0,1,2,176,1.14,0.11,50.39
168,E10012,20,2,13734,15,15,90,0,75.02,48.82,5.1,1,2,176,1.14,4.7,50.2
169,E10012,25,1,12190,15,15,90,0,75.02,50.73,0,1,2,176,1.14,0.11,50.39
170,E10012,25,2,14363,15,15,90,0,75.02,48.82,0,1,2,176,1.14,0.11,49.44
171,E10012,30,1,15282,15,15,90,0,75.02,47.04,5.44,1,2,176,1.14,5.01,49.36
172,E10012,30,2,16535,15,15,90,0,75.02,46.83,2.04,1,2,176,1.14,1.95,48.75
173,E10012,35,1,20541,15,15,90,0,75.02,47.04,3.62,1,2,176,1.14,3.37,49.09
174,E10012,35,2,20499,15,15,90,0,75.02,46.83,6.12,1,2,176,1.14,5.62,49.36
175,E10012,40,1,22830,15,15,90,0,75.02,44.92,0,1,2,176,1.14,0.11,47.49
176,E10012,40,2,22329,15,15,90,0,75.02,45.06,0,1,2,176,1.14,0.11,47.56
177,E10012,45,1,30519,15,15,90,0,75.02,44.92,0,1,2,176,1.14,0.11,47.49
178,E10012,45,2,29387,15,15,90,0,75.02,45.06,0,1,2,176,1.14,0.11,47.56
179,E10012,50,1,42756,15,15,90,0,75.02,43.09,0,1,2,162,1.23,0.12,46.57
180,E10012,50,2,40911,15,15,90,0,75.02,43.21,0,1,2,162,1.23,0.12,46.63
181,E10012,55,1,49722,15,15,90,0,75.02,43.09,5.31,1,2,162,1.23,4.9,47.37
182,E10012,55,2,47458,15,15,90,0,75.02,43.21,0,1,2,162,1.23,0.12,46.63
183,E10012,60,1,50607,15,15,90,0,75.02,42.88,7.25,1,1,102,0.98,6.62,47.55
184,E10012,60,2,45839,15,15,90,0,75.02,43.11,5.82,1,1,102,0.98,5.34,47.45
185,E10013,20,1,11565,20,20,90,0,75.02,47.36,0,1,2,176,1.14,0.11,48.71
186,E10013,20,2,14319,20,20,90,0,75.02,46.36,0,1,2,176,1.14,0.11,48.21
187,E10013,25,1,14063,20,20,90,0,75.02,47.36,0,1,2,176,1.14,0.11,48.71
188,E10013,25,2,15704,20,20,90,0,75.02,46.36,0,1,2,176,1.14,0.11,48.21
189,E10013,30,1,17915,20,20,90,0,75.02,44.71,1.81,1,2,176,1.14,1.74,47.65
190,E10013,30,2,18706,20,20,90,0,75.02,44.66,4.08,1,2,176,1.14,3.79,47.97
191,E10013,35,1,24193,20,20,90,0,75.02,44.71,0,1,2,176,1.14,0.11,47.38
192,E10013,35,2,23836,20,20,90,0,75.02,44.66,0,1,2,176,1.14,0.11,47.36
193,E10013,40,1,32233,20,20,90,0,75.02,42.98,2.15,1,2,176,1.14,2.05,46.84
194,E10013,40,2,30882,20,20,90,0,75.02,43.1,0,1,2,176,1.14,0.11,46.58
195,E10013,45,1,40379,20,20,90,0,75.02,42.98,2.15,1,2,176,1.14,2.05,46.84
196,E10013,45,2,38190,20,20,90,0,75.02,43.1,0,1,2,176,1.14,0.11,46.58
197,E10013,50,1,48577,20,20,90,0,75.02,42.29,0,1,2,162,1.23,0.12,46.17
198,E10013,50,2,45304,20,20,90,0,75.02,42.46,2.82,1,2,162,1.23,2.66,46.68
199,E10013,55,1,53221,20,20,90,0,75.02,42.29,7.97,1,2,162,1.23,7.3,47.37
200,E10013,55,2,47479,20,20,90,0,75.02,42.46,8.46,1,2,162,1.23,7.74,47.53
201,E10013,60,1,54261,20,20,90,0,75.02,42.19,0,1,1,102,0.98,0.1,46.12
202,E10013,60,2,47156,20,20,90,0,75.02,42.43,5.82,1,1,102,0.98,5.34,47.11
203,E10014,20,1,16729,10,10,90,0,75.02,60.86,0,1,2,176,1.14,0.11,55.46
204,E10014,20,2,21915,10,10,90,0,75.02,57.91,7.65,1,2,176,1.14,7,55.13
205,E10014,25,1,19000,10,10,90,0,75.02,60.86,20.08,1,2,176,1.14,18.19,58.47
206,E10014,25,2,22370,10,10,90,0,75.02,57.91,7.65,1,2,176,1.14,7,55.13
207,E10014,30,1,23431,10,10,90,0,75.02,55.63,16.33,1,2,176,1.14,14.81,55.29
208,E10014,30,2,25275,10,10,90,0,75.02,55.28,8.16,1,2,176,1.14,7.46,53.89
209,E10014,35,1,30852,10,10,90,0,75.02,55.63,9.07,1,2,176,1.14,8.28,54.2
210,E10014,35,2,30956,10,10,90,0,75.02,55.28,26.54,1,2,176,1.14,24,56.65
211,E10014,40,1,34077,10,10,90,0,75.02,52.47,23.66,1,2,176,1.14,21.41,54.81
212,E10014,40,2,33583,10,10,90,0,75.02,52.65,18.11,1,2,176,1.14,16.41,54.07
213,E10014,45,1,44981,10,10,90,0,75.02,52.47,8.6,1,2,176,1.14,7.85,52.55
214,E10014,45,2,43346,10,10,90,0,75.02,52.65,15.85,1,2,176,1.14,14.38,53.73
215,E10014,50,1,54469,10,10,90,0,75.02,50.18,7.97,1,2,162,1.23,7.3,51.31
216,E10014,50,2,51625,10,10,90,0,75.02,50.45,14.1,1,2,162,1.23,12.81,52.37
217,E10014,55,1,63435,10,10,90,0,75.02,50.18,15.95,1,2,162,1.23,14.48,52.51
218,E10014,55,2,59787,10,10,90,0,75.02,50.45,22.57,1,2,162,1.23,20.44,53.64
219,E10014,60,1,64742,10,10,90,0,75.02,49.76,21.77,1,1,102,0.98,19.69,53.17
220,E10014,60,2,58360,10,10,90,0,75.02,50.23,40.74,1,1,102,0.98,36.76,56.25
221,E10015,20,1,16729,15,15,90,0,75.02,55.76,0,1,2,176,1.14,0.11,52.91
222,E10015,20,2,21915,15,15,90,0,75.02,53.78,0,1,2,176,1.14,0.11,51.92
223,E10015,25,1,19000,15,15,90,0,75.02,55.76,0,1,2,176,1.14,0.11,52.91
224,E10015,25,2,22370,15,15,90,0,75.02,53.78,0,1,2,176,1.14,0.11,51.92
225,E10015,30,1,23431,15,15,90,0,75.02,52.26,0,1,2,176,1.14,0.11,51.16
226,E10015,30,2,25275,15,15,90,0,75.02,52.03,0,1,2,176,1.14,0.11,51.04
227,E10015,35,1,30852,15,15,90,0,75.02,52.26,0,1,2,176,1.14,0.11,51.16
228,E10015,35,2,30956,15,15,90,0,75.02,52.03,4.08,1,2,176,1.14,3.79,51.65
229,E10015,40,1,40889,15,15,90,0,75.02,49.42,4.3,1,2,176,1.14,3.98,50.38
230,E10015,40,2,39832,15,15,90,0,75.02,49.58,4.52,1,2,176,1.14,4.18,50.49
231,E10015,45,1,53232,15,15,90,0,75.02,49.42,0,1,2,176,1.14,0.11,49.74
232,E10015,45,2,50622,15,15,90,0,75.02,49.58,0,1,2,176,1.14,0.11,49.82
233,E10015,50,1,60246,15,15,90,0,75.02,48.43,0,1,2,162,1.23,0.12,49.24
234,E10015,50,2,56972,15,15,90,0,75.02,48.64,2.82,1,2,162,1.23,2.66,49.77
235,E10015,55,1,66038,15,15,90,0,75.02,48.43,5.31,1,2,162,1.23,4.9,50.04
236,E10015,55,2,60526,15,15,90,0,75.02,48.64,0,1,2,162,1.23,0.12,49.35
237,E10015,60,1,69220,15,15,90,0,75.02,48.18,7.25,1,1,102,0.98,6.62,50.2
238,E10015,60,2,59470,15,15,90,0,75.02,48.61,23.28,1,1,102,0.98,21.05,52.82
239,E10016,20,1,18124,20,20,90,0,75.02,52.42,0,1,2,176,1.14,0.11,51.24
240,E10016,20,2,22598,20,20,90,0,75.02,51.38,0,1,2,176,1.14,0.11,50.72
241,E10016,25,1,21653,20,20,90,0,75.02,52.42,0,1,2,176,1.14,0.11,51.24
242,E10016,25,2,24285,20,20,90,0,75.02,51.38,2.55,1,2,176,1.14,2.41,51.1
243,E10016,30,1,27169,20,20,90,0,75.02,49.87,3.62,1,2,176,1.14,3.37,50.5
244,E10016,30,2,28383,20,20,90,0,75.02,49.82,2.04,1,2,176,1.14,1.95,50.24
245,E10016,35,1,36014,20,20,90,0,75.02,49.87,0,1,2,176,1.14,0.11,49.96
246,E10016,35,2,35611,20,20,90,0,75.02,49.82,4.08,1,2,176,1.14,3.79,50.55
247,E10016,40,1,47175,20,20,90,0,75.02,48.14,0,1,2,176,1.14,0.11,49.1
248,E10016,40,2,45312,20,20,90,0,75.02,48.27,2.26,1,2,176,1.14,2.15,49.5
249,E10016,45,1,58169,20,20,90,0,75.02,48.14,8.6,1,2,176,1.14,7.85,50.39
250,E10016,45,2,55077,20,20,90,0,75.02,48.27,4.52,1,2,176,1.14,4.18,49.84
251,E10016,50,1,62201,20,20,90,0,75.02,47.63,0,1,2,162,1.23,0.12,48.84
252,E10016,50,2,57561,20,20,90,0,75.02,47.86,0,1,2,162,1.23,0.12,48.96
253,E10016,55,1,68333,20,20,90,0,75.02,47.63,2.65,1,2,162,1.23,2.51,49.24
254,E10016,55,2,60322,20,20,90,0,75.02,47.86,2.82,1,2,162,1.23,2.66,49.38
255,E10016,60,1,70097,20,20,90,0,75.02,47.49,0,1,1,102,0.98,0.1,48.77
256,E10016,60,2,60088,20,20,90,0,75.02,47.81,17.46,1,1,102,0.98,15.81,51.55
257,E10017,20,1,17468,10,10,90,0,75.02,65.77,0,1,2,176,1.14,0.11,57.91
258,E10017,20,2,22867,10,10,90,0,75.02,61.79,7.65,1,2,176,1.14,7,57.07
259,E10017,25,1,18527,10,10,90,0,75.02,65.77,0,1,2,176,1.14,0.11,57.91
260,E10017,25,2,22679,10,10,90,0,75.02,61.79,2.55,1,2,176,1.14,2.41,56.3
261,E10017,30,1,21837,10,10,90,0,75.02,60.08,18.14,1,2,176,1.14,16.44,57.79
262,E10017,30,2,24901,10,10,90,0,75.02,59.21,12.25,1,2,176,1.14,11.14,56.47
263,E10017,35,1,29545,10,10,90,0,75.02,60.08,19.95,1,2,176,1.14,18.07,58.06
264,E10017,35,2,30085,10,10,90,0,75.02,59.21,18.37,1,2,176,1.14,16.65,57.39
265,E10017,40,1,39656,10,10,90,0,75.02,54.13,15.06,1,2,176,1.14,13.67,54.35
266,E10017,40,2,38928,10,10,90,0,75.02,54.35,6.79,1,2,176,1.14,6.23,53.22
267,E10017,45,1,53254,10,10,90,0,75.02,54.13,0,1,2,176,1.14,0.11,52.09
268,E10017,45,2,51255,10,10,90,0,75.02,54.35,0,1,2,176,1.14,0.11,52.2
269,E10017,50,1,64936,10,10,90,0,75.02,51.61,5.31,1,2,162,1.23,4.9,51.63
270,E10017,50,2,61262,10,10,90,0,75.02,51.92,0,1,2,162,1.23,0.12,50.99
271,E10017,55,1,76288,10,10,90,0,75.02,51.61,5.31,1,2,162,1.23,4.9,51.63
272,E10017,55,2,71429,10,10,90,0,75.02,51.92,11.28,1,2,162,1.23,10.28,52.68
273,E10017,60,1,78490,10,10,90,0,75.02,51.13,29.03,1,1,102,0.98,26.23,54.94
274,E10017,60,2,70658,10,10,90,0,75.02,51.61,40.74,1,1,102,0.98,36.76,56.94
275,E10018,20,1,18419,15,15,90,0,75.02,58.31,0,1,2,176,1.14,0.11,54.18
276,E10018,20,2,23703,15,15,90,0,75.02,56.2,0,1,2,176,1.14,0.11,53.13
277,E10018,25,1,21096,15,15,90,0,75.02,58.31,5.73,1,2,176,1.14,5.27,55.04
278,E10018,25,2,24648,15,15,90,0,75.02,56.2,0,1,2,176,1.14,0.11,53.13
279,E10018,30,1,26461,15,15,90,0,75.02,54.12,7.25,1,2,176,1.14,6.64,53.17
280,E10018,30,2,28495,15,15,90,0,75.02,53.89,0,1,2,176,1.14,0.11,51.97
281,E10018,35,1,35586,15,15,90,0,75.02,54.12,3.62,1,2,176,1.14,3.37,52.63
282,E10018,35,2,35540,15,15,90,0,75.02,53.89,2.04,1,2,176,1.14,1.95,52.28
283,E10018,40,1,48043,15,15,90,0,75.02,50.86,4.3,1,2,176,1.14,3.98,51.1
284,E10018,40,2,46652,15,15,90,0,75.02,51.05,4.52,1,2,176,1.14,4.18,51.23
285,E10018,45,1,63394,15,15,90,0,75.02,50.86,4.3,1,2,176,1.14,3.98,51.1
286,E10018,45,2,60084,15,15,90,0,75.02,51.05,6.79,1,2,176,1.14,6.23,51.57
287,E10018,50,1,72165,15,15,90,0,75.02,49.78,2.65,1,2,162,1.23,2.51,50.32
288,E10018,50,2,67885,15,15,90,0,75.02,50.01,5.64,1,2,162,1.23,5.2,50.88
289,E10018,55,1,79716,15,15,90,0,75.02,49.78,5.31,1,2,162,1.23,4.9,50.71
290,E10018,55,2,72809,15,15,90,0,75.02,50.01,0,1,2,162,1.23,0.12,50.03
291,E10018,60,1,85172,15,15,90,0,75.02,49.45,0,1,1,102,0.98,0.1,49.75
292,E10018,60,2,72918,15,15,90,0,75.02,49.9,5.82,1,1,102,0.98,5.34,50.85
293,E10019,20,1,20072,20,20,90,0,75.02,54.47,0,1,2,176,1.14,0.11,52.26
294,E10019,20,2,24664,20,20,90,0,75.02,53.39,2.55,1,2,176,1.14,2.41,52.1
295,E10019,25,1,24307,20,20,90,0,75.02,54.47,14.34,1,2,176,1.14,13.02,54.41
296,E10019,25,2,27017,20,20,90,0,75.02,53.39,0,1,2,176,1.14,0.11,51.72
297,E10019,30,1,31097,20,20,90,0,75.02,51.45,1.81,1,2,176,1.14,1.74,51.02
298,E10019,30,2,32409,20,20,90,0,75.02,51.41,16.33,1,2,176,1.14,14.81,53.18
299,E10019,35,1,41984,20,20,90,0,75.02,51.45,19.95,1,2,176,1.14,18.07,53.74
300,E10019,35,2,41347,20,20,90,0,75.02,51.41,10.21,1,2,176,1.14,9.3,52.26
301,E10019,40,1,55825,20,20,90,0,75.02,49.49,6.45,1,2,176,1.14,5.92,50.74
302,E10019,40,2,53386,20,20,90,0,75.02,49.65,6.79,1,2,176,1.14,6.23,50.87
303,E10019,45,1,69597,20,20,90,0,75.02,49.49,0,1,2,176,1.14,0.11,49.77
304,E10019,45,2,65621,20,20,90,0,75.02,49.65,4.52,1,2,176,1.14,4.18,50.53
305,E10019,50,1,74788,20,20,90,0,75.02,48.94,2.65,1,2,162,1.23,2.51,49.9
306,E10019,50,2,68977,20,20,90,0,75.02,49.18,5.64,1,2,162,1.23,5.2,50.46
307,E10019,55,1,83455,20,20,90,0,75.02,48.94,2.65,1,2,162,1.23,2.51,49.9
308,E10019,55,2,73307,20,20,90,0,75.02,49.18,2.82,1,2,162,1.23,2.66,50.04
309,E10019,60,1,88014,20,20,90,0,75.02,48.72,0,1,1,102,0.98,0.1,49.38
310,E10019,60,2,74739,20,20,90,0,75.02,49.06,11.64,1,1,102,0.98,10.57,51.3
311,E10020,20,1,12190,7,7,90,146500,64.83,66.53,2.86,1,2,176,1.14,2.69,55.32
312,E10020,20,2,19780,7,7,90,237600,64.83,59.94,10.21,1,2,176,1.14,9.3,53.13
313,E10020,25,1,13530,7,7,90,162600,64.83,66.53,25.81,1,2,176,1.14,23.34,58.77
314,E10020,25,2,18790,7,7,90,225800,64.83,59.94,12.76,1,2,176,1.14,11.6,53.51
315,E10020,30,1,15120,7,7,90,181700,64.83,61.69,7.25,1,2,176,1.14,6.64,53.56
316,E10020,30,2,18780,7,7,90,225600,64.83,59.54,12.25,1,2,176,1.14,11.14,53.24
317,E10020,35,1,18920,7,7,90,227300,64.83,61.69,9.07,1,2,176,1.14,8.28,53.84
318,E10020,35,2,21000,7,7,90,252300,64.83,59.54,12.25,1,2,176,1.14,11.14,53.24
319,E10020,40,1,23300,7,7,90,279900,64.83,56.84,25.81,1,2,176,1.14,23.34,53.92
320,E10020,40,2,23970,7,7,90,288000,64.83,56.51,15.85,1,2,176,1.14,14.38,52.26
321,E10020,45,1,27130,7,7,90,325900,64.83,56.84,27.96,1,2,176,1.14,25.28,54.24
322,E10020,45,2,28200,7,7,90,338800,64.83,56.51,27.17,1,2,176,1.14,24.57,53.96
323,E10021,20,1,13390,15,15,90,344700,64.83,55.01,0,1,2,176,1.14,0.11,49.13
324,E10021,20,2,19440,15,15,90,500400,64.83,52.85,2.55,1,2,176,1.14,2.41,48.44
325,E10021,25,1,15370,15,15,90,395700,64.83,55.01,2.86,1,2,176,1.14,2.69,49.56
326,E10021,25,2,19570,15,15,90,503800,64.83,52.85,0,1,2,176,1.14,0.11,48.05
327,E10021,30,1,18440,15,15,90,474700,64.83,52.52,0,1,2,176,1.14,0.11,47.89
328,E10021,30,2,20990,15,15,90,540300,64.83,52.05,0,1,2,176,1.14,0.11,47.65
329,E10021,35,1,22780,15,15,90,586400,64.83,52.52,3.62,1,2,176,1.14,3.37,48.43
330,E10021,35,2,23870,15,15,90,614500,64.83,52.05,0,1,2,176,1.14,0.11,47.65
331,E10021,40,1,28190,15,15,90,725700,64.83,50.62,8.6,1,2,176,1.14,7.85,48.23
332,E10021,40,2,28530,15,15,90,734400,64.83,50.59,6.79,1,2,176,1.14,6.23,47.94
333,E10021,45,1,33470,15,15,90,861600,64.83,50.62,0,1,2,176,1.14,0.11,46.94
334,E10021,45,2,33500,15,15,90,862300,64.83,50.59,0,1,2,176,1.14,0.11,46.92
335,E10022,20,1,14530,20,20,90,498700,64.83,52.39,0,1,2,176,1.14,0.11,47.82
336,E10022,20,2,19910,20,20,90,683400,64.83,51.15,0,1,2,176,1.14,0.11,47.2
337,E10022,25,1,17130,20,20,90,588000,64.83,52.39,0,1,2,176,1.14,0.11,47.82
338,E10022,25,2,20660,20,20,90,709100,64.83,51.15,0,1,2,176,1.14,0.11,47.2
339,E10022,30,1,20570,20,20,90,706000,64.83,50.62,1.81,1,2,176,1.14,1.74,47.21
340,E10022,30,2,22540,20,20,90,773600,64.83,50.4,0,1,2,176,1.14,0.11,46.83
341,E10022,35,1,25610,20,20,90,879000,64.83,50.62,0,1,2,176,1.14,0.11,46.94
342,E10022,35,2,26520,20,20,90,910200,64.83,50.4,2.04,1,2,176,1.14,1.95,47.14
343,E10022,40,1,31690,20,20,90,1087700,64.83,49.37,0,1,2,176,1.14,0.11,46.31
344,E10022,40,2,31940,20,20,90,1096200,64.83,49.37,6.79,1,2,176,1.14,6.23,47.33
345,E10022,45,1,36590,20,20,90,1255800,64.83,49.37,0,1,2,176,1.14,0.11,46.31
346,E10022,45,2,36540,20,20,90,1254100,64.83,49.37,0,1,2,176,1.14,0.11,46.31
347,E10023,20,1,13390,7,7,90,160900,64.83,74.28,8.6,1,2,176,1.14,7.85,60.06
348,E10023,20,2,23290,7,7,90,279800,64.83,64.12,0,1,2,176,1.14,0.11,53.69
349,E10023,25,1,15370,7,7,90,184700,64.83,74.28,0,1,2,176,1.14,0.11,58.77
350,E10023,25,2,22310,7,7,90,268000,64.83,64.12,0,1,2,176,1.14,0.11,53.69
351,E10023,30,1,18440,7,7,90,221600,64.83,65.97,7.25,1,2,176,1.14,6.64,55.7
352,E10023,30,2,20990,7,7,90,252200,64.83,64.41,4.08,1,2,176,1.14,3.79,54.45
353,E10023,35,1,22780,7,7,90,273700,64.83,65.97,3.62,1,2,176,1.14,3.37,55.16
354,E10023,35,2,23870,7,7,90,286800,64.83,64.41,12.25,1,2,176,1.14,11.14,55.67
355,E10023,40,1,28190,7,7,90,338700,64.83,59.6,19.36,1,2,176,1.14,17.54,54.33
356,E10023,40,2,28530,7,7,90,342800,64.83,59.53,13.58,1,2,176,1.14,12.34,53.43
357,E10023,45,1,33470,7,7,90,402100,64.83,59.6,19.36,1,2,176,1.14,17.54,54.33
358,E10023,45,2,33500,7,7,90,402500,64.83,59.53,13.58,1,2,176,1.14,12.34,53.43
359,E10023,50,1,41280,7,7,90,495900,64.83,57.52,18.61,1,2,162,1.23,16.87,53.18
360,E10023,50,2,41150,7,7,90,494300,64.83,57.69,25.39,1,2,162,1.23,22.97,54.28
361,E10023,55,1,32380,7,7,90,389000,64.83,57.52,7.97,1,2,162,1.23,7.3,51.59
362,E10023,55,2,31330,7,7,90,376400,64.83,57.69,16.92,1,2,162,1.23,15.35,53.01
363,E10023,60,1,34090,7,7,90,409500,64.83,61.25,29.03,1,2,102,1.96,26.32,56.62
364,E10023,60,2,32010,7,7,90,384600,64.83,62.43,0,1,2,102,1.96,0.2,52.86
365,E10023,65,1,20580,7,7,90,247300,64.83,61.25,14.51,1,2,102,1.96,13.26,54.45
366,E10023,65,2,18520,7,7,90,222500,64.83,62.43,0,1,2,102,1.96,0.2,52.86
367,E10023,70,1,21060,7,7,90,253000,64.83,65.56,0,1,1,10,10,1,54.56
368,E10023,70,2,18600,7,7,90,223500,64.83,68.04,0,1,1,10,10,1,55.8
369,E10024,20,1,16700,15,15,90,429900,64.83,57.04,0,1,2,176,1.14,0.11,50.15
370,E10024,20,2,23230,15,15,90,598000,64.83,54.62,0,1,2,176,1.14,0.11,48.94
371,E10024,25,1,19250,15,15,90,495500,64.83,57.04,0,1,2,176,1.14,0.11,50.15
372,E10024,25,2,23850,15,15,90,613900,64.83,54.62,2.55,1,2,176,1.14,2.41,49.32
373,E10024,30,1,23630,15,15,90,608300,64.83,53.62,1.81,1,2,176,1.14,1.74,48.71
374,E10024,30,2,26300,15,15,90,677000,64.83,53.23,2.04,1,2,176,1.14,1.95,48.55
375,E10024,35,1,30300,15,15,90,780000,64.83,53.62,0,1,2,176,1.14,0.11,48.44
376,E10024,35,2,30830,15,15,90,793600,64.83,53.23,0,1,2,176,1.14,0.11,48.24
377,E10024,40,1,38830,15,15,90,999500,64.83,51.07,0,1,2,176,1.14,0.11,47.16
378,E10024,40,2,38300,15,15,90,985900,64.83,51.15,2.26,1,2,176,1.14,2.15,47.54
379,E10024,45,1,47100,15,15,90,1212400,64.83,51.07,2.15,1,2,176,1.14,2.05,47.49
380,E10024,45,2,46040,15,15,90,1185100,64.83,51.15,4.52,1,2,176,1.14,4.18,47.88
381,E10025,20,1,18230,20,20,90,625700,64.83,53.69,0,1,2,176,1.14,0.11,48.47
382,E10025,20,2,24020,20,20,90,824400,64.83,52.37,2.55,1,2,176,1.14,2.41,48.2
383,E10025,25,1,21820,20,20,90,748900,64.83,53.69,0,1,2,176,1.14,0.11,48.47
384,E10025,25,2,25450,20,20,90,873500,64.83,52.37,0,1,2,176,1.14,0.11,47.81
385,E10025,30,1,26940,20,20,90,924600,64.83,51.26,0,1,2,176,1.14,0.11,47.26
386,E10025,30,2,28850,20,20,90,990200,64.83,51.11,4.08,1,2,176,1.14,3.79,47.8
387,E10025,35,1,34740,20,20,90,1192300,64.83,51.26,0,1,2,176,1.14,0.11,47.26
388,E10025,35,2,34990,20,20,90,1200900,64.83,51.11,2.04,1,2,176,1.14,1.95,47.49
389,E10025,40,1,44240,20,20,90,1518400,64.83,49.65,0,1,2,176,1.14,0.11,46.45
390,E10025,40,2,43390,20,20,90,1489200,64.83,49.72,0,1,2,176,1.14,0.11,46.49
391,E10025,45,1,51860,20,20,90,1779900,64.83,49.65,2.15,1,2,176,1.14,2.05,46.78
392,E10025,45,2,50560,20,20,90,1735300,64.83,49.72,6.79,1,2,176,1.14,6.23,47.51
393,E10026,20,1,14530,7,7,90,174600,64.83,72.58,14.34,1,2,176,1.14,13.02,60.07
394,E10026,20,2,25170,7,7,90,302400,64.83,63.35,0,1,2,176,1.14,0.11,53.3
395,E10026,25,1,17130,7,7,90,205800,64.83,72.58,5.73,1,2,176,1.14,5.27,58.78
396,E10026,25,2,24130,7,7,90,289900,64.83,63.35,12.76,1,2,176,1.14,11.6,55.22
397,E10026,30,1,20570,7,7,90,247100,64.83,64.47,10.88,1,2,176,1.14,9.91,55.5
398,E10026,30,2,22540,7,7,90,270800,64.83,63.42,14.29,1,2,176,1.14,12.98,55.48
399,E10026,35,1,25610,7,7,90,307700,64.83,64.47,16.33,1,2,176,1.14,14.81,56.31
400,E10026,35,2,26520,7,7,90,318600,64.83,63.42,14.29,1,2,176,1.14,12.98,55.48
401,E10026,40,1,31690,7,7,90,380700,64.83,58.74,32.27,1,2,176,1.14,29.16,55.84
402,E10026,40,2,31940,7,7,90,383700,64.83,58.7,20.38,1,2,176,1.14,18.46,54.04
403,E10026,45,1,36590,7,7,90,439600,64.83,58.74,15.06,1,2,176,1.14,13.67,53.26
404,E10026,45,2,36540,7,7,90,439000,64.83,58.7,13.58,1,2,176,1.14,12.34,53.02
405,E10027,20,1,18160,15,15,90,467500,64.83,56.56,0,1,2,176,1.14,0.11,49.91
406,E10027,20,2,24990,15,15,90,643300,64.83,54.31,0,1,2,176,1.14,0.11,48.78
407,E10027,25,1,20790,15,15,90,535200,64.83,56.56,0,1,2,176,1.14,0.11,49.91
408,E10027,25,2,25590,15,15,90,658700,64.83,54.31,0,1,2,176,1.14,0.11,48.78
409,E10027,30,1,25220,15,15,90,649200,64.83,53.44,0,1,2,176,1.14,0.11,48.35
410,E10027,30,2,28030,15,15,90,721500,64.83,53.05,0,1,2,176,1.14,0.11,48.15
411,E10027,35,1,31990,15,15,90,823500,64.83,53.44,0,1,2,176,1.14,0.11,48.35
412,E10027,35,2,32670,15,15,90,841000,64.83,53.05,0,1,2,176,1.14,0.11,48.15
413,E10027,40,1,40650,15,15,90,1046400,64.83,51.02,0,1,2,176,1.14,0.11,47.14
414,E10027,40,2,40230,15,15,90,1035600,64.83,51.08,0,1,2,176,1.14,0.11,47.17
415,E10027,45,1,49060,15,15,90,1262900,64.83,51.02,0,1,2,176,1.14,0.11,47.14
416,E10027,45,2,48150,15,15,90,1239400,64.83,51.08,2.26,1,2,176,1.14,2.15,47.51
417,E10028,20,1,19720,20,20,90,676800,64.83,53.41,0,1,2,176,1.14,0.11,48.33
418,E10028,20,2,25790,20,20,90,885200,64.83,52.17,5.1,1,2,176,1.14,4.7,48.48
419,E10028,25,1,23400,20,20,90,803100,64.83,53.41,0,1,2,176,1.14,0.11,48.33
420,E10028,25,2,27240,20,20,90,934900,64.83,52.17,0,1,2,176,1.14,0.11,47.71
421,E10028,30,1,28570,20,20,90,980600,64.83,51.17,0,1,2,176,1.14,0.11,47.21
422,E10028,30,2,30590,20,20,90,1049900,64.83,51.01,0,1,2,176,1.14,0.11,47.13
423,E10028,35,1,36500,20,20,90,1252700,64.83,51.17,1.81,1,2,176,1.14,1.74,47.49
424,E10028,35,2,36890,20,20,90,1266100,64.83,51.01,2.04,1,2,176,1.14,1.95,47.44
425,E10028,40,1,46180,20,20,90,1584900,64.83,49.63,2.15,1,2,176,1.14,2.05,46.77
426,E10028,40,2,45490,20,20,90,1561300,64.83,49.68,0,1,2,176,1.14,0.11,46.47
427,E10028,45,1,53950,20,20,90,1851600,64.83,49.63,0,1,2,176,1.14,0.11,46.44
428,E10028,45,2,52810,20,20,90,1812500,64.83,49.68,2.26,1,2,176,1.14,2.15,46.81
429,E10029,20,1,10000,10,10,90,0,60.2,50.7,0,1,2,176,1.14,0.11,45.44
430,E10029,20,2,12356,10,10,90,0,60.2,49.44,0,1,2,176,1.14,0.11,44.81
431,E10029,25,1,10102,10,10,90,0,60.2,50.7,8.6,1,2,176,1.14,7.85,46.73
432,E10029,25,2,12662,10,10,90,0,60.2,49.44,0,1,2,176,1.14,0.11,44.81
433,E10029,30,1,12184,10,10,90,0,60.2,48.76,0,1,2,176,1.14,0.11,44.47
434,E10029,30,2,14233,10,10,90,0,60.2,48.45,4.08,1,2,176,1.14,3.79,44.92
435,E10029,35,1,16633,10,10,90,0,60.2,48.76,0,1,2,176,1.14,0.11,44.47
436,E10029,35,2,16777,10,10,90,0,60.2,48.45,0,1,2,176,1.14,0.11,44.31
437,E10029,40,1,21871,10,10,90,0,60.2,46.84,6.45,1,2,176,1.14,5.92,44.47
438,E10029,40,2,21125,10,10,90,0,60.2,46.92,9.05,1,2,176,1.14,8.26,44.9
439,E10029,45,1,28763,10,10,90,0,60.2,46.84,15.06,1,2,176,1.14,13.67,45.77
440,E10029,45,2,27988,10,10,90,0,60.2,46.92,18.11,1,2,176,1.14,16.41,46.26
441,E10029,50,1,37400,10,10,90,0,60.2,46.02,7.97,1,1,162,0.62,7.24,44.28
442,E10029,50,2,36148,10,10,90,0,60.2,46.08,11.28,1,1,162,0.62,10.21,44.81
443,E10030,20,1,10000,15,15,90,0,60.2,48.29,2.86,1,2,176,1.14,2.69,44.66
444,E10030,20,2,12825,15,15,90,0,60.2,47.53,0,1,2,176,1.14,0.11,43.85
445,E10030,25,1,11491,15,15,90,0,60.2,48.29,0,1,2,176,1.14,0.11,44.23
446,E10030,25,2,13697,15,15,90,0,60.2,47.53,0,1,2,176,1.14,0.11,43.85
447,E10030,30,1,14578,15,15,90,0,60.2,46.82,0,1,2,176,1.14,0.11,43.5
448,E10030,30,2,15789,15,15,90,0,60.2,46.74,0,1,2,176,1.14,0.11,43.46
449,E10030,35,1,19465,15,15,90,0,60.2,46.82,0,1,2,176,1.14,0.11,43.5
450,E10030,35,2,19296,15,15,90,0,60.2,46.74,0,1,2,176,1.14,0.11,43.46
451,E10030,40,1,25817,15,15,90,0,60.2,45.74,0,1,2,176,1.14,0.11,42.96
452,E10030,40,2,25056,15,15,90,0,60.2,45.79,2.26,1,2,176,1.14,2.15,43.32
453,E10030,45,1,33552,15,15,90,0,60.2,45.74,0,1,2,176,1.14,0.11,42.96
454,E10030,45,2,32422,15,15,90,0,60.2,45.79,2.26,1,2,176,1.14,2.15,43.32
455,E10030,50,1,40868,15,15,90,0,60.2,45.35,5.31,1,1,162,0.62,4.84,43.55
456,E10030,50,2,39283,15,15,90,0,60.2,45.39,0,1,1,162,0.62,0.06,42.77
457,E10031,20,1,10883,20,20,90,0,60.2,46.95,0,1,2,176,1.14,0.11,43.56
458,E10031,20,2,13535,20,20,90,0,60.2,46.56,0,1,2,176,1.14,0.11,43.37
459,E10031,25,1,13344,20,20,90,0,60.2,46.95,0,1,2,176,1.14,0.11,43.56
460,E10031,25,2,14920,20,20,90,0,60.2,46.56,0,1,2,176,1.14,0.11,43.37
461,E10031,30,1,17031,20,20,90,0,60.2,45.91,0,1,2,176,1.14,0.11,43.04
462,E10031,30,2,17792,20,20,90,0,60.2,45.9,0,1,2,176,1.14,0.11,43.04
463,E10031,35,1,22789,20,20,90,0,60.2,45.91,0,1,2,176,1.14,0.11,43.04
464,E10031,35,2,22486,20,20,90,0,60.2,45.9,10.21,1,2,176,1.14,9.3,44.57
465,E10031,40,1,29854,20,20,90,0,60.2,45.26,0,1,2,176,1.14,0.11,42.72
466,E10031,40,2,28840,20,20,90,0,60.2,45.3,4.52,1,2,176,1.14,4.18,43.41
467,E10031,45,1,36846,20,20,90,0,60.2,45.26,2.15,1,2,176,1.14,2.05,43.04
468,E10031,45,2,35467,20,20,90,0,60.2,45.3,4.52,1,2,176,1.14,4.18,43.41
469,E10031,50,1,42245,20,20,90,0,60.2,45.06,0,1,1,162,0.62,0.06,42.61
470,E10031,50,2,39942,20,20,90,0,60.2,45.1,0,1,1,162,0.62,0.06,42.63
471,E10032,20,1,10000,10,10,90,0,60.2,59.2,2.86,1,2,176,1.14,2.69,50.12
472,E10032,20,2,11426,10,10,90,0,60.2,57.31,0,1,2,176,1.14,0.11,48.74
473,E10032,25,1,10000,10,10,90,0,60.2,59.2,0,1,2,176,1.14,0.11,49.69
474,E10032,25,2,11495,10,10,90,0,60.2,57.31,2.55,1,2,176,1.14,2.41,49.12
475,E10032,30,1,10716,10,10,90,0,60.2,56.2,0,1,2,176,1.14,0.11,48.19
476,E10032,30,2,12631,10,10,90,0,60.2,55.21,10.21,1,2,176,1.14,9.3,49.22
477,E10032,35,1,14329,10,10,90,0,60.2,56.2,0,1,2,176,1.14,0.11,48.19
478,E10032,35,2,14701,10,10,90,0,60.2,55.21,8.16,1,2,176,1.14,7.46,48.92
479,E10032,40,1,18568,10,10,90,0,60.2,51.27,4.3,1,2,176,1.14,3.98,46.37
480,E10032,40,2,18082,10,10,90,0,60.2,51.47,6.79,1,2,176,1.14,6.23,46.84
481,E10032,45,1,24152,10,10,90,0,60.2,51.27,10.75,1,2,176,1.14,9.79,47.33
482,E10032,45,2,23467,10,10,90,0,60.2,51.47,9.05,1,2,176,1.14,8.26,47.18
483,E10032,50,1,31165,10,10,90,0,60.2,49.33,21.27,1,2,162,1.23,19.27,47.94
484,E10032,50,2,30051,10,10,90,0,60.2,49.5,8.46,1,2,162,1.23,7.74,46.11
485,E10032,55,1,28110,10,10,90,0,60.2,49.33,13.29,1,2,162,1.23,12.08,46.75
486,E10032,55,2,27284,10,10,90,0,60.2,49.5,11.28,1,2,162,1.23,10.28,46.53
487,E10032,60,1,28524,10,10,90,0,60.2,49.53,36.28,1,1,102,0.98,32.75,50.29
488,E10032,60,2,26513,10,10,90,0,60.2,49.92,23.28,1,1,102,0.98,21.05,48.54
489,E10033,20,1,10000,15,15,90,0,60.2,54.16,0,1,2,176,1.14,0.11,47.17
490,E10033,20,2,11720,15,15,90,0,60.2,52.57,0,1,2,176,1.14,0.11,46.37
491,E10033,25,1,10157,15,15,90,0,60.2,54.16,0,1,2,176,1.14,0.11,47.17
492,E10033,25,2,12313,15,15,90,0,60.2,52.57,0,1,2,176,1.14,0.11,46.37
493,E10033,30,1,12670,15,15,90,0,60.2,51.09,0,1,2,176,1.14,0.11,45.63
494,E10033,30,2,13900,15,15,90,0,60.2,50.8,0,1,2,176,1.14,0.11,45.49
495,E10033,35,1,16628,15,15,90,0,60.2,51.09,0,1,2,176,1.14,0.11,45.63
496,E10033,35,2,16676,15,15,90,0,60.2,50.8,0,1,2,176,1.14,0.11,45.49
497,E10033,40,1,21772,15,15,90,0,60.2,48.29,4.3,1,2,176,1.14,3.98,44.88
498,E10033,40,2,21202,15,15,90,0,60.2,48.42,0,1,2,176,1.14,0.11,44.3
499,E10033,45,1,28037,15,15,90,0,60.2,48.29,8.6,1,2,176,1.14,7.85,45.52
500,E10033,45,2,27065,15,15,90,0,60.2,48.42,6.79,1,2,176,1.14,6.23,45.32
501,E10033,50,1,33973,15,15,90,0,60.2,47.47,7.97,1,2,162,1.23,7.3,45.02
502,E10033,50,2,32594,15,15,90,0,60.2,47.63,2.82,1,2,162,1.23,2.66,44.33
503,E10033,55,1,28672,15,15,90,0,60.2,47.47,2.65,1,2,162,1.23,2.51,44.22
504,E10033,55,2,27145,15,15,90,0,60.2,47.63,0,1,2,162,1.23,0.12,43.9
505,E10033,60,1,30012,15,15,90,0,60.2,47.61,14.51,1,1,102,0.98,13.16,46.07
506,E10033,60,2,27174,15,15,90,0,60.2,47.95,0,1,1,102,0.98,0.1,44.06
507,E10034,20,1,10000,20,20,90,0,60.2,51.18,22.94,1,2,176,1.14,20.76,49.12
508,E10034,20,2,12262,20,20,90,0,60.2,50.13,0,1,2,176,1.14,0.11,45.15
509,E10034,25,1,11668,20,20,90,0,60.2,51.18,0,1,2,176,1.14,0.11,45.68
510,E10034,25,2,13286,20,20,90,0,60.2,50.13,0,1,2,176,1.14,0.11,45.15
511,E10034,30,1,14660,20,20,90,0,60.2,48.69,0,1,2,176,1.14,0.11,44.43
512,E10034,30,2,15477,20,20,90,0,60.2,48.6,0,1,2,176,1.14,0.11,44.39
513,E10034,35,1,19325,20,20,90,0,60.2,48.69,0,1,2,176,1.14,0.11,44.43
514,E10034,35,2,19199,20,20,90,0,60.2,48.6,0,1,2,176,1.14,0.11,44.39
515,E10034,40,1,25046,20,20,90,0,60.2,46.97,2.15,1,2,176,1.14,2.05,43.89
516,E10034,40,2,24249,20,20,90,0,60.2,47.07,0,1,2,176,1.14,0.11,43.62
517,E10034,45,1,30708,20,20,90,0,60.2,46.97,4.3,1,2,176,1.14,3.98,44.22
518,E10034,45,2,29529,20,20,90,0,60.2,47.07,2.26,1,2,176,1.14,2.15,43.96
519,E10034,50,1,35071,20,20,90,0,60.2,46.6,7.97,1,2,162,1.23,7.3,44.58
520,E10034,50,2,33048,20,20,90,0,60.2,46.76,5.64,1,2,162,1.23,5.2,44.31
521,E10034,55,1,29717,20,20,90,0,60.2,46.6,2.65,1,2,162,1.23,2.51,43.79
522,E10034,55,2,27499,20,20,90,0,60.2,46.76,0,1,2,162,1.23,0.12,43.47
523,E10034,60,1,31037,20,20,90,0,60.2,46.7,7.25,1,1,102,0.98,6.62,44.52
524,E10034,60,2,27671,20,20,90,0,60.2,46.99,0,1,1,102,0.98,0.1,43.58
525,E10035,20,1,10000,10,10,90,0,60.2,65.06,0,1,2,176,1.14,0.11,52.62
526,E10035,20,2,10000,10,10,90,0,60.2,65.06,0,1,2,176,1.14,0.11,52.62
527,E10035,25,1,10000,10,10,90,0,60.2,65.06,0,1,2,176,1.14,0.11,52.62
528,E10035,25,2,10000,10,10,90,0,60.2,65.06,5.1,1,2,176,1.14,4.7,53.38
529,E10035,30,1,10000,10,10,90,0,60.2,64.89,5.44,1,2,176,1.14,5.01,53.35
530,E10035,30,2,10000,10,10,90,0,60.2,64.25,8.16,1,2,176,1.14,7.46,53.44
531,E10035,35,1,10172,10,10,90,0,60.2,64.89,3.62,1,2,176,1.14,3.37,53.07
532,E10035,35,2,10853,10,10,90,0,60.2,64.25,4.08,1,2,176,1.14,3.79,52.82
533,E10035,40,1,12234,10,10,90,0,60.2,59.94,19.36,1,2,176,1.14,17.54,52.96
534,E10035,40,2,12296,10,10,90,0,60.2,59.98,4.52,1,2,176,1.14,4.18,50.75
535,E10035,45,1,14860,10,10,90,0,60.2,59.94,12.9,1,2,176,1.14,11.72,51.99
536,E10035,45,2,14734,10,10,90,0,60.2,59.98,6.79,1,2,176,1.14,6.23,51.1
537,E10035,50,1,18168,10,10,90,0,60.2,55.62,5.31,1,2,162,1.23,4.9,48.69
538,E10035,50,2,18152,10,10,90,0,60.2,55.67,14.1,1,2,162,1.23,12.81,50.04
539,E10035,55,1,20530,10,10,90,0,60.2,55.62,5.31,1,2,162,1.23,4.9,48.69
540,E10035,55,2,20372,10,10,90,0,60.2,55.67,28.21,1,2,162,1.23,25.51,52.15
541,E10035,60,1,20616,10,10,90,0,60.2,55.97,43.54,1,2,102,1.96,39.38,54.62
542,E10035,60,2,19413,10,10,90,0,60.2,56.89,34.92,1,2,102,1.96,31.62,53.78
543,E10035,65,1,16803,10,10,90,0,60.2,55.97,50.8,1,2,102,1.96,45.92,55.71
544,E10035,65,2,14958,10,10,90,0,60.2,56.89,69.84,1,2,102,1.96,63.05,59.02
545,E10036,20,1,10000,15,15,90,0,60.2,58.55,0,1,2,176,1.14,0.11,49.36
546,E10036,20,2,10000,15,15,90,0,60.2,58.55,0,1,2,176,1.14,0.11,49.36
547,E10036,25,1,10000,15,15,90,0,60.2,58.55,0,1,2,176,1.14,0.11,49.36
548,E10036,25,2,10000,15,15,90,0,60.2,58.55,0,1,2,176,1.14,0.11,49.36
549,E10036,30,1,10000,15,15,90,0,60.2,57.76,0,1,2,176,1.14,0.11,48.97
550,E10036,30,2,10382,15,15,90,0,60.2,57.32,0,1,2,176,1.14,0.11,48.75
551,E10036,35,1,11291,15,15,90,0,60.2,57.76,0,1,2,176,1.14,0.11,48.97
552,E10036,35,2,11698,15,15,90,0,60.2,57.32,0,1,2,176,1.14,0.11,48.75
553,E10036,40,1,13748,15,15,90,0,60.2,54.08,0,1,2,176,1.14,0.11,47.13
554,E10036,40,2,13785,15,15,90,0,60.2,54.11,0,1,2,176,1.14,0.11,47.14
555,E10036,45,1,16687,15,15,90,0,60.2,54.08,10.75,1,2,176,1.14,9.79,48.74
556,E10036,45,2,16583,15,15,90,0,60.2,54.11,0,1,2,176,1.14,0.11,47.14
557,E10036,50,1,19468,15,15,90,0,60.2,52,5.31,1,2,162,1.23,4.9,46.88
558,E10036,50,2,19346,15,15,90,0,60.2,52.15,0,1,2,162,1.23,0.12,46.16
559,E10036,55,1,20782,15,15,90,0,60.2,52,7.97,1,2,162,1.23,7.3,47.28
560,E10036,55,2,20021,15,15,90,0,60.2,52.15,0,1,2,162,1.23,0.12,46.16
561,E10036,60,1,21192,15,15,90,0,60.2,52.38,14.51,1,2,102,1.96,13.26,48.47
562,E10036,60,2,19476,15,15,90,0,60.2,53.09,0,1,2,102,1.96,0.2,46.65
563,E10036,65,1,16803,15,15,90,0,60.2,52.38,0,1,2,102,1.96,0.2,46.29
564,E10036,65,2,14958,15,15,90,0,60.2,53.09,0,1,2,102,1.96,0.2,46.65
565,E10037,20,1,10000,20,20,90,0,60.2,55.3,2.86,1,2,176,1.14,2.69,48.17
566,E10037,20,2,10004,20,20,90,0,60.2,55.14,2.55,1,2,176,1.14,2.41,48.04
567,E10037,25,1,10000,20,20,90,0,60.2,55.3,2.86,1,2,176,1.14,2.69,48.17
568,E10037,25,2,10304,20,20,90,0,60.2,55.14,0,1,2,176,1.14,0.11,47.66
569,E10037,30,1,10313,20,20,90,0,60.2,54.06,0,1,2,176,1.14,0.11,47.12
570,E10037,30,2,11089,20,20,90,0,60.2,53.68,0,1,2,176,1.14,0.11,46.93
571,E10037,35,1,12574,20,20,90,0,60.2,54.06,0,1,2,176,1.14,0.11,47.12
572,E10037,35,2,12890,20,20,90,0,60.2,53.68,0,1,2,176,1.14,0.11,46.93
573,E10037,40,1,15290,20,20,90,0,60.2,51.41,0,1,2,176,1.14,0.11,45.79
574,E10037,40,2,15307,20,20,90,0,60.2,51.44,0,1,2,176,1.14,0.11,45.81
575,E10037,45,1,17934,20,20,90,0,60.2,51.41,0,1,2,176,1.14,0.11,45.79
576,E10037,45,2,17780,20,20,90,0,60.2,51.44,2.26,1,2,176,1.14,2.15,46.15
577,E10037,50,1,19891,20,20,90,0,60.2,50.29,10.63,1,2,162,1.23,9.69,46.83
578,E10037,50,2,19337,20,20,90,0,60.2,50.51,8.46,1,2,162,1.23,7.74,46.61
579,E10037,55,1,21173,20,20,90,0,60.2,50.29,7.97,1,2,162,1.23,7.3,46.43
580,E10037,55,2,19953,20,20,90,0,60.2,50.51,0,1,2,162,1.23,0.12,45.34
581,E10037,60,1,21411,20,20,90,0,60.2,50.09,14.51,1,1,102,0.98,13.16,47.31
582,E10037,60,2,19395,20,20,90,0,60.2,50.57,0,1,1,102,0.98,0.1,45.37
583,E10038,20,1,8470,10,10,90,0,76.86,49.13,5.73,1,2,176,1.14,5.27,51.06
584,E10038,20,2,10500,10,10,90,0,76.86,48.7,0,1,2,176,1.14,0.11,49.99
585,E10038,25,1,8180,10,10,90,0,76.86,49.13,0,1,2,176,1.14,0.11,50.2
586,E10038,25,2,9880,10,10,90,0,76.86,48.7,5.1,1,2,176,1.14,4.7,50.75
587,E10038,30,1,7440,10,10,90,0,76.86,49.6,0,1,2,176,1.14,0.11,50.44
588,E10038,30,2,8700,10,10,90,0,76.86,49.18,16.33,1,2,176,1.14,14.81,52.68
589,E10038,35,1,6470,10,10,90,0,76.86,49.6,12.7,1,2,176,1.14,11.54,52.34
590,E10038,35,2,7670,10,10,90,0,76.86,49.18,14.29,1,2,176,1.14,12.98,52.37
591,E10038,40,1,5690,10,10,90,0,76.86,50.26,21.51,1,2,176,1.14,19.47,54
592,E10038,40,2,7040,10,10,90,0,76.86,49.56,11.32,1,2,176,1.14,10.3,52.12
593,E10038,45,1,5590,10,10,90,0,76.86,50.26,8.6,1,2,176,1.14,7.85,52.06
594,E10038,45,2,7080,10,10,90,0,76.86,49.56,9.05,1,2,176,1.14,8.26,51.78
595,E10038,50,1,5710,10,10,90,0,76.86,50.21,10.63,1,2,162,1.23,9.69,52.34
596,E10038,50,2,7300,10,10,90,0,76.86,49.46,16.92,1,2,162,1.23,15.35,52.91
597,E10038,55,1,5730,10,10,90,0,76.86,50.21,5.31,1,2,162,1.23,4.9,51.54
598,E10038,55,2,7360,10,10,90,0,76.86,49.46,8.46,1,2,162,1.23,7.74,51.64
599,E10038,60,1,5730,10,10,90,0,76.86,50.21,21.77,1,1,102,0.98,19.69,54.01
600,E10038,60,2,7360,10,10,90,0,76.86,49.44,34.92,1,1,102,0.98,31.53,55.6
601,E10039,20,1,16770,10,10,90,0,76.86,50.01,0,1,2,176,1.14,0.11,50.64
602,E10039,20,2,18390,10,10,90,0,76.86,49.8,7.65,1,2,176,1.14,7,51.69
603,E10039,25,1,14930,10,10,90,0,76.86,50.01,0,1,2,176,1.14,0.11,50.64
604,E10039,25,2,17040,10,10,90,0,76.86,49.8,7.65,1,2,176,1.14,7,51.69
605,E10039,30,1,13480,10,10,90,0,76.86,50.44,9.07,1,2,176,1.14,8.28,52.22
606,E10039,30,2,16500,10,10,90,0,76.86,49.94,6.12,1,2,176,1.14,5.62,51.53
607,E10039,35,1,12670,10,10,90,0,76.86,50.44,5.44,1,2,176,1.14,5.01,51.68
608,E10039,35,2,16500,10,10,90,0,76.86,49.94,2.04,1,2,176,1.14,1.95,50.92
609,E10039,40,1,16340,10,10,90,0,76.86,49.69,0,1,2,176,1.14,0.11,50.48
610,E10039,40,2,17210,10,10,90,0,76.86,49.75,4.52,1,2,176,1.14,4.18,51.19
611,E10039,45,1,21560,10,10,90,0,76.86,49.69,12.9,1,2,176,1.14,11.72,52.42
612,E10039,45,2,19230,10,10,90,0,76.86,49.75,4.52,1,2,176,1.14,4.18,51.19
613,E10039,50,1,25100,10,10,90,0,76.86,49.22,31.91,1,2,162,1.23,28.84,55.04
614,E10039,50,2,23600,10,10,90,0,76.86,49.27,5.64,1,2,162,1.23,5.2,51.12
615,E10039,55,1,27240,10,10,90,0,76.86,49.22,21.27,1,2,162,1.23,19.27,53.44
616,E10039,55,2,26850,10,10,90,0,76.86,49.27,5.64,1,2,162,1.23,5.2,51.12
617,E10039,60,1,27470,10,10,90,0,76.86,49.17,7.25,1,1,102,0.98,6.62,51.31
618,E10039,60,2,26470,10,10,90,0,76.86,49.21,5.82,1,1,102,0.98,5.34,51.12
619,E10040,20,1,23470,10,10,90,0,76.86,56.25,2.86,1,2,176,1.14,2.69,54.19
620,E10040,20,2,22470,10,10,90,0,76.86,56.61,0,1,2,176,1.14,0.11,53.94
621,E10040,25,1,23930,10,10,90,0,76.86,56.25,2.86,1,2,176,1.14,2.69,54.19
622,E10040,25,2,21410,10,10,90,0,76.86,56.61,10.21,1,2,176,1.14,9.3,55.48
623,E10040,30,1,24830,10,10,90,0,76.86,56.16,0,1,2,176,1.14,0.11,53.72
624,E10040,30,2,22730,10,10,90,0,76.86,56.25,12.25,1,2,176,1.14,11.14,55.6
625,E10040,35,1,23570,10,10,90,0,76.86,56.16,18.14,1,2,176,1.14,16.44,56.44
626,E10040,35,2,24700,10,10,90,0,76.86,56.25,16.33,1,2,176,1.14,14.81,56.21
627,E10040,40,1,26690,10,10,90,0,76.86,55.42,8.6,1,2,176,1.14,7.85,54.64
628,E10040,40,2,26580,10,10,90,0,76.86,55.55,11.32,1,2,176,1.14,10.3,55.11
629,E10040,45,1,31360,10,10,90,0,76.86,55.42,0,1,2,176,1.14,0.11,53.35
630,E10040,45,2,29400,10,10,90,0,76.86,55.55,6.79,1,2,176,1.14,6.23,54.43
631,E10041,20,1,11300,10,10,90,0,89.89,53.33,0,1,2,176,1.14,0.11,56.65
632,E10041,20,2,13350,10,10,90,0,89.89,52.27,0,1,2,176,1.14,0.11,56.12
633,E10041,25,1,11650,10,10,90,0,89.89,53.33,0,1,2,176,1.14,0.11,56.65
634,E10041,25,2,12650,10,10,90,0,89.89,52.27,0,1,2,176,1.14,0.11,56.12
635,E10041,30,1,12050,10,10,90,0,89.89,52.66,0,1,2,176,1.14,0.11,56.31
636,E10041,30,2,12550,10,10,90,0,89.89,52.26,8.16,1,2,176,1.14,7.46,57.34
637,E10041,35,1,12750,10,10,90,0,89.89,52.66,0,1,2,176,1.14,0.11,56.31
638,E10041,35,2,13500,10,10,90,0,89.89,52.26,0,1,2,176,1.14,0.11,56.11
639,E10041,40,1,14250,10,10,90,0,89.89,51.09,6.45,1,2,176,1.14,5.92,56.5
640,E10041,40,2,14150,10,10,90,0,89.89,51.25,4.52,1,2,176,1.14,4.18,56.29
641,E10041,45,1,16300,10,10,90,0,89.89,51.09,17.21,1,2,176,1.14,15.6,58.11
642,E10041,45,2,15650,10,10,90,0,89.89,51.25,6.79,1,2,176,1.14,6.23,56.63
643,E10041,50,1,18750,10,10,90,0,89.89,49.45,15.95,1,2,162,1.23,14.48,57.1
644,E10041,50,2,18650,10,10,90,0,89.89,49.47,28.21,1,2,162,1.23,25.51,58.95
645,E10041,55,1,21500,10,10,90,0,89.89,49.45,55.85,1,2,162,1.23,50.39,63.09
646,E10041,55,2,21400,10,10,90,0,89.89,49.47,11.28,1,2,162,1.23,10.28,56.41
647,E10041,60,1,24300,10,10,90,0,89.89,48.42,43.54,1,2,102,1.96,39.38,60.74
648,E10041,60,2,23150,10,10,90,0,89.89,48.64,34.92,1,2,102,1.96,31.62,59.55
649,E10041,65,1,26000,10,10,90,0,89.89,48.42,58.06,1,2,102,1.96,52.45,62.92
650,E10041,65,2,24600,10,10,90,0,89.89,48.64,34.92,1,2,102,1.96,31.62,59.55
651,E10042,20,1,22600,10,10,90,0,89.89,53.5,0,1,2,176,1.14,0.11,56.73
652,E10042,20,2,26700,10,10,90,0,89.89,52.42,17.86,1,2,176,1.14,16.19,58.87
653,E10042,25,1,23300,10,10,90,0,89.89,53.5,25.81,1,2,176,1.14,23.34,60.6
654,E10042,25,2,25300,10,10,90,0,89.89,52.42,12.76,1,2,176,1.14,11.6,58.11
655,E10042,30,1,24100,10,10,90,0,89.89,52.81,10.88,1,2,176,1.14,9.91,58.02
656,E10042,30,2,25100,10,10,90,0,89.89,52.4,6.12,1,2,176,1.14,5.62,57.1
657,E10042,35,1,25500,10,10,90,0,89.89,52.81,47.17,1,2,176,1.14,42.57,63.46
658,E10042,35,2,27000,10,10,90,0,89.89,52.4,6.12,1,2,176,1.14,5.62,57.1
659,E10042,40,1,28500,10,10,90,0,89.89,51.21,10.75,1,2,176,1.14,9.79,57.2
660,E10042,40,2,28300,10,10,90,0,89.89,51.38,18.11,1,2,176,1.14,16.41,58.39
661,E10042,45,1,32600,10,10,90,0,89.89,51.21,12.9,1,2,176,1.14,11.72,57.52
662,E10042,45,2,31300,10,10,90,0,89.89,51.38,11.32,1,2,176,1.14,10.3,57.37
663,E10042,50,1,37500,10,10,90,0,89.89,49.54,7.97,1,2,162,1.23,7.3,55.95
664,E10042,50,2,37300,10,10,90,0,89.89,49.57,8.46,1,2,162,1.23,7.74,56.04
665,E10042,55,1,43000,10,10,90,0,89.89,49.54,50.53,1,2,162,1.23,45.6,62.33
666,E10042,55,2,42800,10,10,90,0,89.89,49.57,22.57,1,2,162,1.23,20.44,58.16
667,E10042,60,1,48600,10,10,90,0,89.89,48.5,36.28,1,2,102,1.96,32.85,59.69
668,E10042,60,2,46300,10,10,90,0,89.89,48.72,98.94,1,2,102,1.96,89.24,69.2
669,E10042,65,1,52000,10,10,90,0,89.89,48.5,36.28,1,2,102,1.96,32.85,59.69
670,E10042,65,2,49200,10,10,90,0,89.89,48.72,81.48,1,2,102,1.96,73.53,66.58
671,E10043,20,1,15015,10,10,90,0,89.89,68.74,0,1,2,176,1.14,0.11,64.35
672,E10043,20,2,17214,10,10,90,0,89.89,67.05,0,1,2,176,1.14,0.11,63.51
673,E10043,25,1,16651,10,10,90,0,89.89,68.74,0,1,2,176,1.14,0.11,64.35
674,E10043,25,2,17452,10,10,90,0,89.89,67.05,7.65,1,2,176,1.14,7,64.66
675,E10043,30,1,19531,10,10,90,0,89.89,63.53,7.25,1,2,176,1.14,6.64,62.84
676,E10043,30,2,19395,10,10,90,0,89.89,63.73,8.16,1,2,176,1.14,7.46,63.07
677,E10043,35,1,23686,10,10,90,0,89.89,63.53,0,1,2,176,1.14,0.11,61.75
678,E10043,35,2,23225,10,10,90,0,89.89,63.73,18.37,1,2,176,1.14,16.65,64.6
679,E10043,40,1,29091,10,10,90,0,89.89,58.65,8.6,1,2,176,1.14,7.85,60.6
680,E10043,40,2,27452,10,10,90,0,89.89,59.31,0,1,2,176,1.14,0.11,59.64
681,E10043,45,1,36570,10,10,90,0,89.89,58.65,8.6,1,2,176,1.14,7.85,60.6
682,E10043,45,2,33886,10,10,90,0,89.89,59.31,24.91,1,2,176,1.14,22.53,63.37
683,E10043,50,1,46199,10,10,90,0,89.89,55.24,10.63,1,2,162,1.23,9.69,59.2
684,E10043,50,2,43005,10,10,90,0,89.89,55.71,2.82,1,2,162,1.23,2.66,58.26
685,E10043,55,1,56648,10,10,90,0,89.89,55.24,21.27,1,2,162,1.23,19.27,60.8
686,E10043,55,2,52496,10,10,90,0,89.89,55.71,33.85,1,2,162,1.23,30.59,62.92
687,E10044,20,1,26340,10,10,90,0,89.89,65.96,5.73,1,2,176,1.14,5.27,63.82
688,E10044,20,2,30588,10,10,90,0,89.89,64.29,7.65,1,2,176,1.14,7,63.28
689,E10044,25,1,28332,10,10,90,0,89.89,65.96,17.21,1,2,176,1.14,15.6,65.54
690,E10044,25,2,30134,10,10,90,0,89.89,64.29,30.63,1,2,176,1.14,27.68,66.72
691,E10044,30,1,31632,10,10,90,0,89.89,62.65,32.66,1,2,176,1.14,29.51,66.21
692,E10044,30,2,31990,10,10,90,0,89.89,62.53,63.3,1,2,176,1.14,57.08,70.74
693,E10044,35,1,36522,10,10,90,0,89.89,62.65,36.28,1,2,176,1.14,32.77,66.75
694,E10044,35,2,36790,10,10,90,0,89.89,62.53,28.58,1,2,176,1.14,25.84,65.54
695,E10044,40,1,43472,10,10,90,0,89.89,58.71,12.9,1,2,176,1.14,11.72,61.27
696,E10044,40,2,41694,10,10,90,0,89.89,59.25,24.91,1,2,176,1.14,22.53,63.34
697,E10044,45,1,53060,10,10,90,0,89.89,58.71,6.45,1,2,176,1.14,5.92,60.31
698,E10044,45,2,49672,10,10,90,0,89.89,59.25,9.05,1,2,176,1.14,8.26,60.97
699,E10044,50,1,65218,10,10,90,0,89.89,55.61,2.65,1,2,162,1.23,2.51,58.19
700,E10044,50,2,61840,10,10,90,0,89.89,55.96,2.82,1,2,162,1.23,2.66,58.39
701,E10044,55,1,78496,10,10,90,0,89.89,55.61,2.65,1,2,162,1.23,2.51,58.19
702,E10044,55,2,74122,10,10,90,0,89.89,55.96,0,1,2,162,1.23,0.12,57.96
703,E10045,20,1,36084,10,10,90,0,89.89,99.9,0,1,2,176,1.14,0.11,79.93
704,E10045,20,2,45558,10,10,90,0,89.89,93.64,15.31,1,2,176,1.14,13.89,79.1
705,E10045,25,1,39671,10,10,90,0,89.89,99.9,22.94,1,2,176,1.14,20.76,83.37
706,E10045,25,2,43958,10,10,90,0,89.89,93.64,25.52,1,2,176,1.14,23.08,80.63
707,E10045,30,1,45011,10,10,90,0,89.89,90.54,38.1,1,2,176,1.14,34.4,80.97
708,E10045,30,2,46892,10,10,90,0,89.89,89.76,28.58,1,2,176,1.14,25.84,79.15
709,E10045,35,1,53316,10,10,90,0,89.89,90.54,19.95,1,2,176,1.14,18.07,78.25
710,E10045,35,2,53945,10,10,90,0,89.89,89.76,18.37,1,2,176,1.14,16.65,77.62
711,E10045,40,1,63598,10,10,90,0,89.89,80.97,8.6,1,2,176,1.14,7.85,71.76
712,E10045,40,2,61198,10,10,90,0,89.89,82.1,4.52,1,2,176,1.14,4.18,71.71
713,E10045,45,1,77859,10,10,90,0,89.89,80.97,4.3,1,2,176,1.14,3.98,71.11
714,E10045,45,2,73275,10,10,90,0,89.89,82.1,9.05,1,2,176,1.14,8.26,72.39
715,E10045,50,1,96230,10,10,90,0,89.89,73.68,10.63,1,2,162,1.23,9.69,68.42
716,E10045,50,2,91204,10,10,90,0,89.89,74.55,14.1,1,2,162,1.23,12.81,69.37
717,E10045,55,1,116191,10,10,90,0,89.89,73.68,7.97,1,2,162,1.23,7.3,68.02
718,E10045,55,2,109135,10,10,90,0,89.89,74.55,5.64,1,2,162,1.23,5.2,68.11
719,E10046,50,1,35740,7,7,90,429400,64.83,53.47,29.25,1,2,162,1.23,26.45,52.75
720,E10046,50,2,35990,7,7,90,432400,64.83,53.53,22.57,1,2,162,1.23,20.44,51.78
721,E10046,55,1,30140,7,7,90,362100,64.83,53.47,10.63,1,2,162,1.23,9.69,49.96
722,E10046,55,2,29250,7,7,90,351400,64.83,53.53,19.75,1,2,162,1.23,17.9,51.36
723,E10047,50,1,41280,15,15,90,1062600,64.83,49.58,10.63,1,2,162,1.23,9.69,48.02
724,E10047,50,2,41150,15,15,90,1059300,64.83,49.66,0,1,2,162,1.23,0.12,46.46
725,E10047,55,1,31990,15,15,90,823500,64.83,49.58,5.31,1,2,162,1.23,4.9,47.22
726,E10047,55,2,30130,15,15,90,775600,64.83,49.66,2.82,1,2,162,1.23,2.66,46.88
727,E10048,50,1,42360,20,20,90,1453800,64.83,48.81,2.65,1,2,162,1.23,2.51,46.43
728,E10048,50,2,41330,20,20,90,1418500,64.83,48.91,2.82,1,2,162,1.23,2.66,46.51
729,E10048,55,1,33190,20,20,90,1139100,64.83,48.81,0,1,2,162,1.23,0.12,46.04
730,E10048,55,2,30660,20,20,90,1052300,64.83,48.91,0,1,2,162,1.23,0.12,46.09
731,E10049,50,1,41280,7,7,90,495900,64.83,52.88,10.63,1,2,162,1.23,9.69,49.67
732,E10049,50,2,41150,7,7,90,494300,64.83,52.98,11.28,1,2,162,1.23,10.28,49.81
733,E10049,55,1,32380,7,7,90,389000,64.83,52.88,2.65,1,2,162,1.23,2.51,48.47
734,E10049,55,2,31330,7,7,90,376400,64.83,52.98,0,1,2,162,1.23,0.12,48.12
735,E10050,50,1,59140,15,15,90,1522300,64.83,49.02,5.31,1,2,162,1.23,4.9,46.94
736,E10050,50,2,57420,15,15,90,1478000,64.83,49.12,2.82,1,2,162,1.23,2.66,46.61
737,E10050,55,1,34250,15,15,90,881600,64.83,49.02,0,1,2,162,1.23,0.12,46.14
738,E10050,55,2,32180,15,15,90,828400,64.83,49.12,0,1,2,162,1.23,0.12,46.19
739,E10051,50,1,60920,20,20,90,2090800,64.83,48.41,2.65,1,2,162,1.23,2.51,46.23
740,E10051,50,2,58020,20,20,90,1991300,64.83,48.5,2.82,1,2,162,1.23,2.66,46.3
741,E10051,55,1,35450,20,20,90,1216700,64.83,48.41,0,1,2,162,1.23,0.12,45.84
742,E10051,55,2,32670,20,20,90,1121300,64.83,48.5,0,1,2,162,1.23,0.12,45.88
743,E10052,50,1,42360,7,7,90,508900,64.83,53.02,10.63,1,2,162,1.23,9.69,49.74
744,E10052,50,2,41330,7,7,90,496500,64.83,53.18,11.28,1,2,162,1.23,10.28,49.91
745,E10052,55,1,33080,7,7,90,397400,64.83,53.02,15.95,1,2,162,1.23,14.48,50.53
746,E10052,55,2,32210,7,7,90,387000,64.83,53.18,11.28,1,2,162,1.23,10.28,49.91
747,E10053,50,1,61390,15,15,90,1580200,64.83,49.06,0,1,2,162,1.23,0.12,46.16
748,E10053,50,2,59910,15,15,90,1542100,64.83,49.14,5.64,1,2,162,1.23,5.2,47.05
749,E10053,55,1,34960,15,15,90,899900,64.83,49.06,0,1,2,162,1.23,0.12,46.16
750,E10053,55,2,33020,15,15,90,850000,64.83,49.14,0,1,2,162,1.23,0.12,46.2
751,E10054,50,1,63090,20,20,90,2165300,64.83,48.44,2.65,1,2,162,1.23,2.51,46.25
752,E10054,50,2,60390,20,20,90,2072600,64.83,48.53,0,1,2,162,1.23,0.12,45.9
753,E10054,55,1,36170,20,20,90,1241400,64.83,48.44,14.51,1,2,162,1.23,13.18,48.03
754,E10054,55,2,33530,20,20,90,1150800,64.83,48.53,0,1,2,162,1.23,0.12,45.9
755,E10055,60,1,31730,7,7,90,381200,64.83,51.06,58.06,1,2,102,1.96,52.45,55.88
756,E10055,60,2,29880,7,7,90,359000,64.83,51.39,98.94,1,2,102,1.96,89.24,62.18
757,E10055,65,1,18190,7,7,90,218500,64.83,51.06,0,1,2,102,1.96,0.2,47.17
758,E10055,65,2,16450,7,7,90,197600,64.83,51.39,11.64,1,2,102,1.96,10.67,49.08
759,E10055,70,1,18810,7,7,90,226000,64.83,52.46,0,1,1,10,10,1,48.01
760,E10055,70,2,16750,7,7,90,201300,64.83,53.16,0,1,1,10,10,1,48.36
761,E10056,60,1,33520,15,15,90,862900,64.83,48.67,0,1,2,102,1.96,0.2,45.98
762,E10056,60,2,30370,15,15,90,781800,64.83,48.87,0,1,2,102,1.96,0.2,46.08
763,E10056,65,1,19060,15,15,90,490700,64.83,48.67,0,1,2,102,1.96,0.2,45.98
764,E10056,65,2,17080,15,15,90,439700,64.83,48.87,0,1,2,102,1.96,0.2,46.08
765,E10057,60,1,34710,20,20,90,1191300,64.83,47.85,0,1,1,102,0.98,0.1,45.55
766,E10057,60,2,31130,20,20,90,1068400,64.83,47.97,0,1,1,102,0.98,0.1,45.61
767,E10058,60,1,34090,7,7,90,409500,64.83,50.84,21.77,1,2,102,1.96,19.79,50.33
768,E10058,60,2,32010,7,7,90,384600,64.83,51.17,46.56,1,2,102,1.96,42.1,54.21
769,E10058,65,1,20580,7,7,90,247300,64.83,50.84,7.25,1,2,102,1.96,6.72,48.15
770,E10058,65,2,18520,7,7,90,222500,64.83,51.17,0,1,2,102,1.96,0.2,47.23
771,E10058,70,1,21060,7,7,90,253000,64.83,52.06,0,1,1,10,10,1,47.81
772,E10058,70,2,18600,7,7,90,223500,64.83,52.76,0,1,1,10,10,1,48.16
773,E10059,60,1,35810,15,15,90,921800,64.83,48.59,0,1,2,102,1.96,0.2,45.94
774,E10059,60,2,32380,15,15,90,833500,64.83,48.8,0,1,2,102,1.96,0.2,46.04
775,E10059,65,1,21230,15,15,90,546500,64.83,48.59,0,1,2,102,1.96,0.2,45.94
776,E10059,65,2,18890,15,15,90,486300,64.83,48.8,0,1,2,102,1.96,0.2,46.04
777,E10060,60,1,36920,20,20,90,1267100,64.83,47.82,0,1,1,102,0.98,0.1,45.54
778,E10060,60,2,33020,20,20,90,1133300,64.83,47.95,0,1,1,102,0.98,0.1,45.6
779,E10061,60,1,34830,7,7,90,418400,64.83,51.11,72.57,1,2,102,1.96,65.51,58.08
780,E10061,60,2,32890,7,7,90,395100,64.83,51.44,46.56,1,2,102,1.96,42.1,54.35
781,E10061,65,1,21390,7,7,90,257000,64.83,51.11,36.28,1,2,102,1.96,32.85,52.64
782,E10061,65,2,19400,7,7,90,233100,64.83,51.44,34.92,1,2,102,1.96,31.62,52.6
783,E10061,70,1,21900,7,7,90,263100,64.83,52.35,0,1,1,10,10,1,47.95
784,E10061,70,2,19590,7,7,90,235400,64.83,53.01,0,1,1,10,10,1,48.28
785,E10062,60,1,36570,15,15,90,941400,64.83,48.72,0,1,2,102,1.96,0.2,46
786,E10062,60,2,33250,15,15,90,855900,64.83,48.92,0,1,2,102,1.96,0.2,46.1
787,E10062,65,1,22040,15,15,90,567400,64.83,48.72,7.25,1,2,102,1.96,6.72,47.09
788,E10062,65,2,19810,15,15,90,510000,64.83,48.92,5.82,1,2,102,1.96,5.43,46.98
789,E10063,60,1,37690,20,20,90,1293600,64.83,47.91,0,1,1,102,0.98,0.1,45.58
790,E10063,60,2,33920,20,20,90,1164200,64.83,48.03,5.82,1,1,102,0.98,5.34,46.52
791,E10064,60,1,39195,10,10,90,0,89.89,54.06,21.77,1,2,102,1.96,19.79,60.29
792,E10064,60,2,36780,10,10,90,0,89.89,54.33,40.74,1,2,102,1.96,36.86,63.27
793,E10064,65,1,43508,10,10,90,0,89.89,54.06,72.57,1,2,102,1.96,65.51,67.91
794,E10064,65,2,41488,10,10,90,0,89.89,54.33,75.66,1,2,102,1.96,68.29,68.51
795,E10065,60,1,63930,10,10,90,0,89.89,54.44,65.32,1,2,102,1.96,58.98,67.01
796,E10065,60,2,60210,10,10,90,0,89.89,54.74,75.66,1,2,102,1.96,68.29,68.72
797,E10065,65,1,70016,10,10,90,0,89.89,54.44,43.54,1,2,102,1.96,39.38,63.75
798,E10065,65,2,66426,10,10,90,0,89.89,54.74,34.92,1,2,102,1.96,31.62,62.6
799,E10066,60,1,92295,10,10,90,0,89.89,73.45,21.77,1,2,102,1.96,19.79,69.99
800,E10066,60,2,86257,10,10,90,0,89.89,74.33,23.28,1,2,102,1.96,21.15,70.65
801,E10066,65,1,101775,10,10,90,0,89.89,73.45,14.51,1,2,102,1.96,13.26,68.9
802,E10066,65,2,96513,10,10,90,0,89.89,74.33,46.56,1,2,102,1.96,42.1,74.15
